Block,Local feature,Working resolution 1024,Working resolution 1600,Working resolution 2048,Working resolution 3200,Working resolution native
D1,ALIKED,0.262 / 0.0652,0.162 / 0.0420,0.132 / 0.0369,0.088 / 0.0309,0.052 / 0.0156
D1,DISK,0.170 / 0.0290,0.125 / 0.0203,0.076 / 0.0161,0.056 / 0.0129,
D1,DoG + HardNet,0.041 / 0.0203,,0.034 / 0.0143,,
D1,RootSIFT,0.039 / 0.0207,0.037 / 0.0186,0.034 / 0.0154,0.035 / 0.0139,0.034 / 0.0111
D1,SuperPoint,0.045 / 0.0340,0.032 / 0.0172,0.041 / 0.0155,0.031 / 0.0109,0.032 / 0.0113
D2,ALIKED,0.131 / 0.0377,0.143 / 0.0248,0.183 / 0.0257,0.168 / 0.0306,0.126 / 0.0264
D2,DISK,0.104 / 0.0257,0.083 / 0.0198,0.080 / 0.0196,0.058 / 0.0152,
D2,DoG + HardNet,0.046 / 0.0127,,0.030 / 0.0084,,
D2,RootSIFT,0.049 / 0.0130,0.040 / 0.0109,0.027 / 0.0082,0.089 / 0.0174,0.079 / 0.0177
D2,SuperPoint,0.117 / 0.0459,0.076 / 0.0219,0.065 / 0.0153,0.069 / 0.0137,0.110 / 0.0204
