dataset,config,method,cells_before_gate,kept_by_gate_pct,beyond_0p5m_pct,beyond_1m_pct,beyond_2m_pct,median_before_gate_m,nmad_before_gate_m,cells_own,cells_strict_common,cells_coarse_common,cells_coarse_common_before_gate,median_coarse_common_before_gate_m,detrended_nmad_coarse_common_before_gate_m,median_own_m,nmad_own_m,trend_own_m,detrended_nmad_own_m,median_common_m,nmad_common_m,median_coarse_common_m,nmad_coarse_common_m,trend_coarse_common_m,detrended_nmad_coarse_common_m
D1_154_building,aliked-lightglue-r2048-k8192,ALIKED,1081839,96.57620034034639,5.107137013917967,3.4237996596536084,2.1685296980419455,0.1307263821363449,0.04974064603447914,1044799,3052,130970,196563,0.13006044924259186,0.043261201405180014,0.13007624447345734,0.04721703380346298,0.04651487181433207,0.04627160780799265,0.15032526850700378,0.12179639935493469,0.12943264842033386,0.028417836874723434,0.04676020096796077,0.0245104096983096
D1_154_building,disk-lightglue-r2048-k8192,DISK,1080835,96.74751465302289,4.771311069682237,3.2524853469771053,2.0864424264573223,0.05657142773270607,0.03530224412679672,1045681,3052,130970,196563,0.05663829669356346,0.03349709109922449,0.056210488080978394,0.033722229301929474,0.060545768568704465,0.030535099696635926,0.07834895700216293,0.11251937597990036,0.056077741086483,0.024195503443479538,0.050886514851493855,0.018276056859645076
D1_154_building,doghardnet-lightglue-r2048-k8192,DoG + HardNet,880684,96.32263104586889,5.228549627335117,3.677368954131107,2.4595655195280033,0.015760010108351707,0.03277479112148285,848298,3052,130970,196563,0.016330843791365623,0.033744655688717214,0.015550641342997551,0.031215783208608627,0.03985945979653451,0.028417400072789027,0.016733553260564804,0.09561725705862045,0.017921142280101776,0.02328024059534073,0.035935928599157625,0.02037448594182416
D1_154_building,loftr-dense-r1024-kall,LoFTR,1263767,21.732170566251533,87.95402950069119,78.26782943374847,56.786812758997506,-0.1850077211856842,2.9502992630004883,274644,3052,130970,196563,-0.13567334413528442,3.0678008736622906,-0.3068615198135376,0.5591812133789062,1.2578341866959653,0.14799064914009483,-0.41256123781204224,0.5185973048210144,-0.24524444341659546,0.5580126047134399,1.3168104307987687,0.11506683305152617
D1_154_building,rootsift-lightglue-r2048-k8192,RootSIFT,891679,96.39253587894298,5.122471203202049,3.607464121057017,2.3952565889742834,0.01789759285748005,0.032210733741521835,859512,3052,130970,196563,0.01888570375740528,0.0339106293038713,0.01771422103047371,0.030750731006264687,0.040122227778006024,0.027978461946753123,0.01921665668487549,0.0913252979516983,0.020283915102481842,0.02302505075931549,0.03403368196369935,0.02034345442389347
D1_154_building,superpoint-lightglue-r1024-k8192,SuperPoint,952268,96.51001608790803,5.131853637841448,3.489983912091974,2.2988276409582173,-0.036305174231529236,0.03882336616516113,919034,3052,130970,196563,-0.038560159504413605,0.03302110044738107,-0.03663993626832962,0.036905113607645035,0.04874661301132071,0.03579933871119383,-0.016072358936071396,0.10651890188455582,-0.037248555570840836,0.024312231689691544,0.036078713192260706,0.021168005307306312
D1_154_building,superpoint-lightglue-r2048-k8192,SuperPoint,983348,96.6764563511595,4.841927781416142,3.323543648840492,2.2287125208979934,-0.002820385852828622,0.030682744458317757,950666,3052,130970,196563,-0.003480529645457864,0.035085713331066075,-0.002989096101373434,0.02926376275718212,0.02168810219780859,0.02867174858496249,0.009361684322357178,0.10249169170856476,-0.003285514423623681,0.018936293199658394,0.021744939072864285,0.01757862795736613
D2_111_nadir,aliked-lightglue-r2048-k8192,ALIKED,952810,97.46812061166445,13.997858964536478,2.531879388335555,1.768663217220642,-0.35732078552246094,0.13802461326122284,928686,3072,258802,262955,-0.3571052551269531,0.038292993185655565,-0.357276976108551,0.13447345793247223,0.32490385857952075,0.026508333777869795,-0.422773540019989,0.13602778315544128,-0.3573976755142212,0.12741628289222717,0.3114248166760346,0.02284945405568762
D2_111_nadir,disk-lightglue-r2048-k8192,DISK,960185,97.51516634815165,3.268640938985716,2.4848336518483416,1.7966329405270858,-0.1638961285352707,0.060796331614255905,936326,3072,258802,262955,-0.16776242852210999,0.028966646395828525,-0.16399940848350525,0.05889930948615074,0.14813032157069916,0.022733384755069995,-0.1472991406917572,0.09239501506090164,-0.16789907217025757,0.052716922014951706,0.13659454930726853,0.020398553148789845
D2_111_nadir,doghardnet-lightglue-r2048-k8192,DoG + HardNet,966313,97.53330442620559,3.1864416602074073,2.4666955737944125,1.7731314801725735,-0.06073996052145958,0.031059255823493004,942477,3072,258802,262955,-0.06207999587059021,0.027368202735891085,-0.060847945511341095,0.030084673315286636,0.053805461338428257,0.020134821177856064,-0.055074553936719894,0.06564345955848694,-0.06218906491994858,0.02715839445590973,0.045446165089044914,0.018204305073368433
D2_111_nadir,loftr-dense-r1024-kall,LoFTR,983212,97.54996887751574,3.401707871750955,2.450031122484266,1.7481479070637869,0.009640131145715714,0.05433885008096695,959123,3072,258802,262955,0.008708462119102478,0.02824830662479593,0.009431297890841961,0.052525244653224945,0.18026861738068117,0.024257723052959635,0.0434635728597641,0.11813005059957504,0.00856829434633255,0.04697868600487709,0.15383384411755283,0.022791238270259823
D2_111_nadir,rootsift-lightglue-r2048-k8192,RootSIFT,975116,97.58603079018292,3.118910980847407,2.4139692098170884,1.7596880781363449,-0.055907223373651505,0.030130576342344284,951577,3072,258802,262955,-0.05634988099336624,0.02962547628538171,-0.055999506264925,0.029224731028079987,0.05263591390811091,0.01980909479514175,-0.05002598091959953,0.06724661588668823,-0.056460533291101456,0.02668566256761551,0.04505084838552012,0.018044796913967896
D2_111_nadir,superpoint-lightglue-r2048-k8192,SuperPoint,967971,97.55085637896177,3.231501770197661,2.4491436210382336,1.7773259736087135,-0.041245125234127045,0.07883640378713608,944264,3072,258802,262955,-0.043149299919605255,0.029522249732546208,-0.04152977094054222,0.07690427452325821,0.17568311601973963,0.02095638302806761,-0.07643242925405502,0.10285349935293198,-0.04353401064872742,0.07214971631765366,0.16524680920157092,0.018879501169962048
