dataset,config,method,resolution,registered_images,model_components,images_in_largest_model,cameras_own,cameras_shared,median_verified_correspondences,failed_pairs_pct,mean_track_length,reprojection_error_px,held_out_rmse_own_m,held_out_rmse_shared_m,relative_rotation_median_deg,relative_rotation_pairs
D1_154_building,rootsift-lightglue-r2048-k8192,RootSIFT,2048,154,1,[154],154,125,1221.0,6.143520908621579,9.834266546252097,0.7632092446486958,0.03443511739099123,0.03536504336249516,0.015355945078173528,1937
D1_154_building,rootsift-nn_ratio-r2048-k8192,"RootSIFT, nearest neighbour",2048,154,1,[154],154,125,713.0,4.9044914816726894,8.16140350877193,0.607208385808603,0.033471194651787765,0.034140127957511084,0.014971729375681602,1937
D1_154_building,doghardnet-lightglue-r2048-k8192,DoG + HardNet,2048,154,1,[154],154,125,1114.0,5.524006195147135,9.291218178711771,0.7657150854356531,0.03416667126889019,0.034995689361406804,0.01430403243788433,1937
D1_154_building,superpoint-lightglue-r2048-k8192,SuperPoint,2048,154,1,[154],154,125,807.0,35.41559112028911,6.3133054457535405,1.3007461222724754,0.04099586383743603,0.041825743672872596,0.015524377339793935,1937
D1_154_building,aliked-lightglue-r2048-k8192,ALIKED,2048,154,1,[154],154,125,1049.0,36.344863190500774,7.074443548669775,0.8148098674681216,0.13188850965935772,0.10888307554531154,0.036931036187128764,1937
D1_154_building,disk-lightglue-r2048-k8192,DISK,2048,154,1,[154],154,125,720.0,41.35260712441921,7.063473169254904,1.0216579852364247,0.07640134575816561,0.05566127869167657,0.01611187449902595,1937
D1_154_building,loftr-dense-r1024-kall,LoFTR,1024,125,2,"[125, 49]",125,125,844.0,24.832214765100673,5.080242859969825,1.0563455811353843,3.8886576123423877,3.8886576123423877,0.029897149677457498,1431
D2_111_nadir,rootsift-lightglue-r2048-k8192,RootSIFT,2048,111,1,[111],111,111,1430.0,22.432210353327857,8.098332975602776,0.5195648887400279,0.02695506704324843,0.02695506704324843,0.008217185348756144,1217
D2_111_nadir,rootsift-nn_ratio-r2048-k8192,"RootSIFT, nearest neighbour",2048,111,1,[111],111,111,969.0,20.87099424815119,6.979233828762822,0.43801039820691,0.029221939630150587,0.029221939630150587,0.009754359623311929,1217
D2_111_nadir,doghardnet-lightglue-r2048-k8192,DoG + HardNet,2048,111,1,[111],111,111,1443.0,13.72226787181594,7.997742853537832,0.5359372025948279,0.030284623925607424,0.030284623925607424,0.008358033066489814,1217
D2_111_nadir,superpoint-lightglue-r2048-k8192,SuperPoint,2048,111,1,[111],111,111,1718.0,16.598192276088746,7.139437719640766,1.306605043687086,0.06459114471000016,0.06459114471000016,0.01525641896073818,1217
D2_111_nadir,aliked-lightglue-r2048-k8192,ALIKED,2048,111,1,[111],111,111,2343.0,18.570254724732948,8.979349616555215,0.6408444574678445,0.18289663653913354,0.18289663653913354,0.025677064191544446,1217
D2_111_nadir,disk-lightglue-r2048-k8192,DISK,2048,111,2,"[111, 6]",111,111,2045.0,21.446179129005753,8.481904147638021,0.9697499307486673,0.08037112946825194,0.08037112946825194,0.019594251068960965,1217
D2_111_nadir,loftr-dense-r1024-kall,LoFTR,1024,111,3,"[111, 9, 5]",111,111,3093.0,10.928512736236648,5.36688515273843,1.0057141603391648,0.0755508589442204,0.0755508589442204,0.026945239901329823,1217
D1_154_building,rootsift-lightglue-r1024-k8192,RootSIFT,1024,154,1,[154],154,125,1305.0,5.4723799690242645,10.484306210182835,0.9410883711341178,0.038924326478218634,0.03901232211987166,0.020720209286573393,1937
D1_154_building,rootsift-nn_ratio-r1024-k8192,"RootSIFT, nearest neighbour",1024,154,1,[154],154,125,892.0,5.317501290655653,8.75686858454065,0.8274102492520081,0.03930854211902395,0.039494763640386205,0.02045450478614942,1937
D1_154_building,doghardnet-lightglue-r1024-k8192,DoG + HardNet,1024,154,1,[154],154,125,1060.0,8.415074858027879,9.410374893091324,0.9043893437050456,0.040812483341734894,0.040643803253880416,0.02034255892810656,1937
D1_154_building,superpoint-lightglue-r1024-k8192,SuperPoint,1024,154,1,[],154,125,168.0,35.82860092927207,4.447772540672039,1.4124126110356412,0.045410248470356386,0.04386386336425823,0.0340293608885761,1937
D1_154_building,aliked-lightglue-r1024-k8192,ALIKED,1024,154,1,[154],154,125,589.0,36.499741868869386,7.183090671263187,1.1710886549403274,0.26179667950493046,0.22789760856730643,0.06518336363655601,1937
D1_154_building,disk-lightglue-r1024-k8192,DISK,1024,154,1,[154],154,125,697.0,38.77129581827569,6.449683525545185,1.557481475013432,0.16988511940640472,0.13245317724795228,0.028957434837929445,1937
D1_154_building,loftr-dense-r1024-kall,LoFTR,1024,125,2,"[125, 49]",125,125,844.0,24.832214765100673,5.080242859969825,1.0563455811353843,3.8886576123423877,3.8886576123423877,0.029897149677457498,1431
D2_111_nadir,rootsift-lightglue-r1024-k8192,RootSIFT,1024,111,1,[111],111,111,1463.0,21.03533278553821,8.011077542799597,0.6940378542361895,0.04915730583610563,0.04915730583610563,0.012968626845550937,1217
D2_111_nadir,rootsift-nn_ratio-r1024-k8192,"RootSIFT, nearest neighbour",1024,111,1,[111],111,111,1127.0,20.9531635168447,7.289559893665584,0.6257065227965567,0.046139470176142235,0.046139470176142235,0.018235779028252685,1217
D2_111_nadir,doghardnet-lightglue-r1024-k8192,DoG + HardNet,1024,111,1,[111],111,111,1471.0,17.748562037797864,7.9105096382360705,0.7005949703607993,0.046323047496970984,0.046323047496970984,0.012664414103185955,1217
D2_111_nadir,superpoint-lightglue-r1024-k8192,SuperPoint,1024,111,1,[111],111,111,411.0,20.624486442070666,5.006458357532814,1.4865142457911913,0.11693344415148811,0.11693344415148811,0.045949821482625906,1217
D2_111_nadir,aliked-lightglue-r1024-k8192,ALIKED,1024,111,1,[111],111,111,1231.0,22.103533278553822,9.383740950890237,1.0567800319737917,0.131366521811903,0.131366521811903,0.03772743435087973,1217
D2_111_nadir,disk-lightglue-r1024-k8192,DISK,1024,111,4,"[111, 8, 6, 4]",111,111,1655.0,19.884963023829087,7.883365957058388,1.6146012209510714,0.10365644590227961,0.10365644590227961,0.02567224785512101,1217
D2_111_nadir,loftr-dense-r1024-kall,LoFTR,1024,111,3,"[111, 9, 5]",111,111,3093.0,10.928512736236648,5.36688515273843,1.0057141603391648,0.0755508589442204,0.0755508589442204,0.026945239901329823,1217
