dataset,config,method,resolution,registered,components,c_px,fx_minus_fy_px,c_minus_reference_px,x0_minus_reference_px,y0_minus_reference_px,k1,k2,p1,p2,held_out_rmse_m,surface_median_m,trend_amplitude_m,detrended_nmad_m
D1_154_building,aliked-lightglue-r2048-k8192,ALIKED,2048,154,1,3717.7472890233985,-0.7453696451620999,-2.428419485420818,3.9607002515308523,1.6014924858047834,-0.01236468353741377,0.010231394627127697,-0.0013622310167367986,-0.0019216245772789625,0.13188850965935875,0.13007624447345734,0.04605085569739617,0.046377152147821434
D1_154_building,disk-lightglue-r2048-k8192,DISK,2048,154,1,3719.345282801559,-0.5308944312459971,-0.8304257072604742,1.7258485820420901,-1.7730263125681631,-0.011871547297761995,0.009790097261511655,-0.001621376245550253,-0.002288957596232213,0.07640134575816201,0.056210488080978394,0.060339622313916506,0.03058722385685275
D1_154_building,doghardnet-lightglue-r2048-k8192,DoG + HardNet,2048,154,1,3718.553285199542,-0.015882135459378333,-1.62242330927711,0.24899543377978262,1.0753110004920927,-0.01210619710262975,0.009883990753676117,-0.0014064439780954894,-0.002297043570659847,0.03416667126889061,0.015550641342997551,0.03947335624810075,0.028484796689920207
D1_154_building,loftr-dense-r1024-kall,LoFTR,1024,125,2,3714.5541633328935,0.6320267591854645,-5.621545175925803,5.6473774309051805,-1.5194617327424567,-0.01124110852041755,0.008841055842424382,-0.0017065521602016283,-0.0020801429582635615,3.8886576123423855,-0.3068615198135376,1.2615516533143205,0.14704589258847442
D1_154_building,rootsift-lightglue-r2048-k8192,RootSIFT,2048,154,1,3718.4767911290846,-0.017957595824555028,-1.6989173797346666,0.32763125787869285,1.192050981852617,-0.012144677657592324,0.009917039640073112,-0.0013969011921849588,-0.002291546358313027,0.03443511739098904,0.01771422103047371,0.04107853305870536,0.02785905600588229
D1_154_building,superpoint-lightglue-r1024-k8192,SuperPoint,1024,154,1,3722.7488237740163,-0.027670177800700912,2.573115265196975,2.0978507667687154,-2.220302165856083,-0.010290600205021308,0.007489690435687185,-0.001465090932694522,-0.0021737849373664637,0.04541024847035675,-0.03663993626832962,0.048269301003649095,0.035794752015909946
D1_154_building,superpoint-lightglue-r2048-k8192,SuperPoint,2048,154,1,3717.7958262026523,0.08074244932959118,-2.379882306167019,0.7834678085432643,0.27620480265227343,-0.011444214627707247,0.00909633719760528,-0.0014080438396188897,-0.0022126807038801953,0.0409958638374326,-0.002989096101373434,0.022373775933533,0.028607503180122378
D2_111_nadir,aliked-lightglue-r2048-k8192,ALIKED,2048,111,1,3716.460675958692,3.1255213214071773,16.939816822793546,-3.1451664507212627,0.4156580533840497,-0.012562092021163701,0.010858791826223808,-0.001039994662635469,-0.0019847884600750565,0.1828966365391407,-0.357276976108551,0.32498803149795163,0.026643706490432125
D2_111_nadir,disk-lightglue-r2048-k8192,DISK,2048,111,2,3706.307120780388,0.5873200014953,6.786261644489514,-2.425972376763184,2.3141984006733765,-0.012330263235253729,0.010370614480001502,-0.0014355014713229488,-0.002126709755165994,0.08037112946825489,-0.16399940848350525,0.148835240671846,0.022616757367966443
D2_111_nadir,doghardnet-lightglue-r2048-k8192,DoG + HardNet,2048,111,1,3702.4722142238597,0.5620927760392078,2.951355087961474,-0.2420044704058455,2.0968434732253627,-0.012468041823690558,0.010508096809699448,-0.0015822177878920538,-0.0019707511666426053,0.030284623925625805,-0.060847945511341095,0.05453503683892058,0.020226264840774694
D2_111_nadir,loftr-dense-r1024-kall,LoFTR,1024,111,3,3697.3011108519972,1.8579103637539447,-2.2197482839010263,2.046980918767531,9.900114388731936,-0.011734611657108285,0.009598923578422035,-0.001424097121614135,-0.001994350619232055,0.07555085894421322,0.009431297890841961,0.1789226367028546,0.02433067235884192
D2_111_nadir,rootsift-lightglue-r2048-k8192,RootSIFT,2048,111,1,3702.267528183863,0.2606228267386541,2.7466690479645877,-0.4201307741623168,2.1377710590193146,-0.012463257457925423,0.010511412000633656,-0.0015908867694037418,-0.00197743603785724,0.02695506704324249,-0.055999506264925,0.052782235054742735,0.01974066390646714
D2_111_nadir,superpoint-lightglue-r2048-k8192,SuperPoint,2048,111,1,3701.8880218113845,0.02828703177783609,2.36716267548627,-0.3727172776034422,6.205422560218267,-0.012031897559266716,0.009957258210060339,-0.001348789115769617,-0.0019400018298261915,0.06459114471000237,-0.04152977094054222,0.1760982436888284,0.02119495871163729
