dataset,config,method,resolution,gate_m,cells,kept_pct,median_m,nmad_m,trend_amplitude_m,detrended_nmad_m
D1_154_building,aliked-lightglue-r2048-k8192,ALIKED,2048,0.5,1026588,94.89286298608204,0.12944862246513367,0.045963652431964874,0.05822124864270377,0.04346898854519965
D1_154_building,aliked-lightglue-r2048-k8192,ALIKED,2048,1,1044799,96.57620034034639,0.13007624447345734,0.04721703380346298,0.04605085569739617,0.046377152147821434
D1_154_building,aliked-lightglue-r2048-k8192,ALIKED,2048,2,1058379,97.83147030195805,0.13049142062664032,0.04817415773868561,0.061430481265411646,0.05122899389923346
D1_154_building,aliked-lightglue-r2048-k8192,ALIKED,2048,none,1081839,100.0,0.1307263821363449,0.04974064603447914,0.1434595921909994,0.07103990445242458
D1_154_building,disk-lightglue-r2048-k8192,DISK,2048,0.5,1029265,95.22868893031776,0.05582178384065628,0.03302723914384842,0.045156920230386394,0.029166628154111883
D1_154_building,disk-lightglue-r2048-k8192,DISK,2048,1,1045681,96.74751465302289,0.056210488080978394,0.033722229301929474,0.060339622313916506,0.03058722385685275
D1_154_building,disk-lightglue-r2048-k8192,DISK,2048,2,1058284,97.91355757354268,0.05647381767630577,0.034292932599782944,0.0776403308063148,0.03439548351473347
D1_154_building,disk-lightglue-r2048-k8192,DISK,2048,none,1080835,100.0,0.05657142773270607,0.03530224412679672,0.13565426894815258,0.061904576636468055
D1_154_building,doghardnet-lightglue-r2048-k8192,DoG + HardNet,2048,0.5,834637,94.77145037266489,0.015290659852325916,0.030598599463701248,0.041597677119017656,0.027830300235604302
D1_154_building,doghardnet-lightglue-r2048-k8192,DoG + HardNet,2048,1,848298,96.32263104586889,0.015550641342997551,0.031215783208608627,0.03947335624810075,0.028484796689920207
D1_154_building,doghardnet-lightglue-r2048-k8192,DoG + HardNet,2048,2,859023,97.540434480472,0.015754293650388718,0.031707845628261566,0.0458229225081325,0.03071960025805602
D1_154_building,doghardnet-lightglue-r2048-k8192,DoG + HardNet,2048,none,880684,100.0,0.015760010108351707,0.03277479112148285,0.21881992707995432,0.072291885893244
D1_154_building,loftr-dense-r1024-kall,LoFTR,1024,0.5,152233,12.045970499308812,-0.11706306040287018,0.30299481749534607,0.6547578722038293,0.11309428654987677
D1_154_building,loftr-dense-r1024-kall,LoFTR,1024,1,274644,21.732170566251533,-0.3068615198135376,0.5591812133789062,1.2615516533143205,0.14704589258847442
D1_154_building,loftr-dense-r1024-kall,LoFTR,1024,2,546114,43.213187241002494,-0.9560725092887878,1.1336232423782349,0.47546869928248126,1.085705361225301
D1_154_building,loftr-dense-r1024-kall,LoFTR,1024,none,1263767,100.0,-0.1850077211856842,2.9502992630004883,2.9377296458147426,4.095309981334062
D1_154_building,rootsift-lightglue-r2048-k8192,RootSIFT,2048,0.5,846003,94.87752879679795,0.017457878217101097,0.030170097947120667,0.04474250754888741,0.027564994072440098
D1_154_building,rootsift-lightglue-r2048-k8192,RootSIFT,2048,1,859512,96.39253587894298,0.01771422103047371,0.030750731006264687,0.04107853305870536,0.02785905600588229
D1_154_building,rootsift-lightglue-r2048-k8192,RootSIFT,2048,2,870321,97.60474341102572,0.017898092046380043,0.031201273202896118,0.04108854115788057,0.030187790243034224
D1_154_building,rootsift-lightglue-r2048-k8192,RootSIFT,2048,none,891679,100.0,0.01789759285748005,0.032210733741521835,0.2160164528092854,0.07260175975572472
D1_154_building,superpoint-lightglue-r1024-k8192,SuperPoint,1024,0.5,903399,94.86814636215856,-0.03701251000165939,0.03603487089276314,0.03868981045133357,0.034336412614045214
D1_154_building,superpoint-lightglue-r1024-k8192,SuperPoint,1024,1,919034,96.51001608790803,-0.03663993626832962,0.036905113607645035,0.048269301003649095,0.035794752015909946
D1_154_building,superpoint-lightglue-r1024-k8192,SuperPoint,1024,2,930377,97.70117235904178,-0.036359552294015884,0.03756917640566826,0.06976976025455899,0.03883182146591735
D1_154_building,superpoint-lightglue-r1024-k8192,SuperPoint,1024,none,952268,100.0,-0.036305174231529236,0.03882336616516113,0.1509226517930483,0.05944884132196868
D1_154_building,superpoint-lightglue-r2048-k8192,SuperPoint,2048,0.5,935735,95.15807221858385,-0.003229695139452815,0.02863484062254429,0.014883737161428177,0.027542438749106366
D1_154_building,superpoint-lightglue-r2048-k8192,SuperPoint,2048,1,950666,96.6764563511595,-0.002989096101373434,0.02926376275718212,0.022373775933533,0.028607503180122378
D1_154_building,superpoint-lightglue-r2048-k8192,SuperPoint,2048,2,961432,97.771287479102,-0.002826447132974863,0.029722271487116814,0.042605819296772485,0.03240907948154616
D1_154_building,superpoint-lightglue-r2048-k8192,SuperPoint,2048,none,983348,100.0,-0.002820385852828622,0.030682744458317757,0.20730261540872819,0.07896504153448426
D2_111_nadir,aliked-lightglue-r2048-k8192,ALIKED,2048,0.5,819437,86.00214103546352,-0.33633577823638916,0.1179485097527504,0.27365802778411563,0.030852366229414705
D2_111_nadir,aliked-lightglue-r2048-k8192,ALIKED,2048,1,928686,97.46812061166445,-0.357276976108551,0.13447345793247223,0.32498803149795163,0.026643706490432125
D2_111_nadir,aliked-lightglue-r2048-k8192,ALIKED,2048,2,935958,98.23133678277935,-0.3572182059288025,0.13552673161029816,0.32918585862604544,0.02664284033554775
D2_111_nadir,aliked-lightglue-r2048-k8192,ALIKED,2048,none,952810,100.0,-0.35732078552246094,0.13802461326122284,0.479143380738674,0.06319021350912395
D2_111_nadir,disk-lightglue-r2048-k8192,DISK,2048,0.5,928800,96.73135906101429,-0.16390565037727356,0.05832891911268234,0.14676294371453452,0.022502174300002977
D2_111_nadir,disk-lightglue-r2048-k8192,DISK,2048,1,936326,97.51516634815165,-0.16399940848350525,0.05889930948615074,0.148835240671846,0.022616757367966443
D2_111_nadir,disk-lightglue-r2048-k8192,DISK,2048,2,942934,98.20336705947291,-0.16392800211906433,0.059442102909088135,0.15602624777613,0.022432723092525694
D2_111_nadir,disk-lightglue-r2048-k8192,DISK,2048,none,960185,100.0,-0.1638961285352707,0.060796331614255905,0.2517441388564424,0.05462439605266191
D2_111_nadir,doghardnet-lightglue-r2048-k8192,DoG + HardNet,2048,0.5,935522,96.81355833979259,-0.060881324112415314,0.029805397614836693,0.05191210374530619,0.01948845197582009
D2_111_nadir,doghardnet-lightglue-r2048-k8192,DoG + HardNet,2048,1,942477,97.53330442620559,-0.060847945511341095,0.030084673315286636,0.05453503683892058,0.020226264840774694
D2_111_nadir,doghardnet-lightglue-r2048-k8192,DoG + HardNet,2048,2,949179,98.22686851982742,-0.06078924611210823,0.03036261908710003,0.059675978582653194,0.020515476870078243
D2_111_nadir,doghardnet-lightglue-r2048-k8192,DoG + HardNet,2048,none,966313,100.0,-0.06073996052145958,0.031059255823493004,0.19647819902913266,0.05247662902527314
D2_111_nadir,loftr-dense-r1024-kall,LoFTR,1024,0.5,949766,96.59829212824904,0.009211864322423935,0.05178635194897652,0.17441530473469197,0.023985849051208704
D2_111_nadir,loftr-dense-r1024-kall,LoFTR,1024,1,959123,97.54996887751574,0.009431297890841961,0.052525244653224945,0.1789226367028546,0.02433067235884192
D2_111_nadir,loftr-dense-r1024-kall,LoFTR,1024,2,966024,98.25185209293622,0.009539715945720673,0.053057968616485596,0.18392115115568525,0.024736690720197442
D2_111_nadir,loftr-dense-r1024-kall,LoFTR,1024,none,983212,100.0,0.009640131145715714,0.05433885008096695,0.24825553560358943,0.054817826557846755
D2_111_nadir,rootsift-lightglue-r2048-k8192,RootSIFT,2048,0.5,944703,96.8810890191526,-0.05602744221687317,0.028963929042220116,0.05096501435737956,0.01953033628670471
D2_111_nadir,rootsift-lightglue-r2048-k8192,RootSIFT,2048,1,951577,97.58603079018292,-0.055999506264925,0.029224731028079987,0.052782235054742735,0.01974066390646714
D2_111_nadir,rootsift-lightglue-r2048-k8192,RootSIFT,2048,2,957957,98.24031192186365,-0.055944595485925674,0.029467113316059113,0.05544596924594533,0.020305081151174235
D2_111_nadir,rootsift-lightglue-r2048-k8192,RootSIFT,2048,none,975116,100.0,-0.055907223373651505,0.030130576342344284,0.195127661766797,0.05663785329773199
D2_111_nadir,superpoint-lightglue-r2048-k8192,SuperPoint,2048,0.5,936691,96.76849822980233,-0.04166591912508011,0.07631605118513107,0.17358885222724169,0.02052670866496238
D2_111_nadir,superpoint-lightglue-r2048-k8192,SuperPoint,2048,1,944264,97.55085637896177,-0.04152977094054222,0.07690427452325821,0.1760982436888284,0.02119495871163729
D2_111_nadir,superpoint-lightglue-r2048-k8192,SuperPoint,2048,2,950767,98.22267402639129,-0.04139107093214989,0.07743814587593079,0.17659772007041855,0.021577478741598505
D2_111_nadir,superpoint-lightglue-r2048-k8192,SuperPoint,2048,none,967971,100.0,-0.041245125234127045,0.07883640378713608,0.3117604972238321,0.05488193833787025
