front_end,resize_max,image_shape,status,detail,extract_s_per_image,keypoints_median,extract_peak_mem_mb,match_s_per_pair,match_peak_mem_mb,matches_mean
sift,1024,"(683, 1024)",OK,,0.205,6543,311,0.120,1219,4014
sift,1600,"(1067, 1600)",OK,,0.192,6456,365,0.077,1180,3852
sift,2048,"(1365, 2048)",OK,,0.238,6370,365,0.090,1102,3722
sift,2560,"(1707, 2560)",OK,,0.351,6342,365,0.088,1104,3618
sift,3200,"(2133, 3200)",OK,,0.469,6339,365,0.095,1031,3520
sift,4096,"(2731, 4096)",OK,,0.721,6247,365,0.197,1061,3582
sift,native,"(3648, 5472)",OK,,1.150,6181,145,0.179,1046,3580
doghardnet,1024,"(683, 1024)",OK,,0.324,6543,1804,0.072,1008,4080
doghardnet,1600,"(1067, 1600)",OK,,0.399,6456,1824,0.073,1008,4006
doghardnet,2048,"(1365, 2048)",OK,,0.418,6370,1800,0.072,1001,3836
doghardnet,2560,"(1707, 2560)",OK,,0.521,6342,1801,0.078,900,3872
doghardnet,3200,"(2133, 3200)",OK,,0.650,6339,1802,0.080,924,3716
doghardnet,4096,"(2731, 4096)",OK,,0.876,6247,1795,0.091,897,3960
doghardnet,native,"(3648, 5472)",OK,,1.351,6181,1739,0.091,880,3916
superpoint,1024,"(683, 1024)",OK,,0.058,2824,439,0.036,238,1954
superpoint,1600,"(1067, 1600)",OK,,0.122,8192,990,0.170,1549,4732
superpoint,2048,"(1365, 2048)",OK,,0.119,8192,1528,0.139,1394,4672
superpoint,2560,"(1707, 2560)",OK,,0.175,8192,2301,0.126,1448,5418
superpoint,3200,"(2133, 3200)",OK,,0.263,8192,3510,0.123,1425,5534
superpoint,4096,"(2731, 4096)",OK,,0.417,8192,5654,0.117,1407,5466
superpoint,native,"(3648, 5472)",OK,,2.874,8192,9899,0.098,1325,5073
aliked,1024,"(683, 1024)",OK,,0.099,3648,1349,0.024,446,2772
aliked,1600,"(1067, 1600)",OK,,0.112,8192,2952,0.084,1612,5823
aliked,2048,"(1365, 2048)",OK,,0.157,8192,4599,0.082,1902,5836
aliked,2560,"(1707, 2560)",OK,,0.422,8192,7051,0.085,1902,5446
aliked,3200,"(2133, 3200)",OK,,1.937,8192,10777,0.085,1902,4921
aliked,4096,"(2731, 4096)",OK,,4.739,8192,17515,0.082,1903,4281
aliked,native,"(3648, 5472)",OK,,17.188,8192,30566,0.084,851,3679
disk,1024,"(683, 1024)",OK,,0.099,7754,1907,0.096,1781,6185
disk,1600,"(1067, 1600)",OK,,0.201,8192,4329,0.084,1904,6364
disk,2048,"(1365, 2048)",OK,,5.000,8192,6921,0.085,1903,5889
disk,2560,"(1707, 2560)",OK,,13.124,8192,10601,0.086,1903,5531
disk,3200,"(2133, 3200)",OK,,29.578,8192,16427,0.087,1903,5010
disk,4096,"(2731, 4096)",OK,,66.566,8192,26640,0.087,1903,4469
disk,native,"(3648, 5472)",OOM,cuda out of memory during extraction,125.696,8192,30848,,,
