dataset,camera_label,east_m,north_m,up_m,tilt_from_nadir_deg,viewing_azimuth_deg,axis_e,axis_n,axis_u,r00,r01,r02,r10,r11,r12,r20,r21,r22,rtk_east_m,rtk_north_m,rtk_up_m
D1_154_building,107_0005_0001,-7.792884013664703,-57.549816772270226,-0.7481849022673241,0.9172591109931303,184.17039673149586,-0.0011641851145222843,-0.015966120169339536,-0.999871855629389,0.6921968977779729,-0.7217077659137184,-0.0011641851145224103,-0.7216291273926969,-0.6920957199010608,-0.015966120169341264,0.01071714538253734,0.011891808739409348,-0.9998718556294971,-7.786270626400468,-57.58326658069988,-0.7224803875414418
D1_154_building,107_0005_0002,-7.227380753863346,-56.492887399119056,-0.8105322280692988,0.9030877908189587,182.4792537711238,-0.000681792421299604,-0.015746449486693244,-0.9998757845290871,0.7465380823612465,-0.6653423380063431,-0.0006817924212993004,-0.6652680161286915,-0.7464385547684639,-0.015746449486686232,0.009967863367628685,0.012208898895583915,-0.9998757845286419,-7.229589981949878,-56.5174965762734,-0.7804701750244569
D1_154_building,107_0005_0003,3.3576140171390363,-45.30148924086753,-0.7655704749928413,0.8676160490413319,189.3870218233644,-0.002469726899793381,-0.014939411078907136,-0.9998853506505913,0.7378034059935638,-0.6750111366146474,-0.0024697268997935485,-0.6749650862013703,-0.7376984115513612,-0.014939411078908147,0.00826235524188757,0.01268932780755567,-0.999885350650659,3.3657851447109075,-45.326914237438395,-0.7593773832015976
D1_154_building,107_0005_0004,12.891765006255902,-35.753069497255346,-0.8017874735915366,0.8783866282275558,191.8214184457499,-0.0031405621685732274,-0.015004999424870977,-0.9998824865260543,0.7372566742924347,-0.6756054566695994,-0.003140562168573273,-0.6755674697170301,-0.7371454699395785,-0.015004999424871194,0.0078224083133789,0.013184197611506188,-0.9998824865260687,12.90581994161577,-35.76605909071588,-0.8423285894000115
D1_154_building,107_0005_0005,22.651162323227076,-25.652880093017313,-0.7868135915787626,0.8966651146401718,191.3839230553563,-0.0030888588209244386,-0.01534124830969133,-0.9998775450281323,0.7507898589421358,-0.6605339103040859,-0.003088858820924346,-0.6604949040980762,-0.750673782518183,-0.015341248309690872,0.007814689399789153,0.013558229165234064,-0.9998775450281024,22.667446828240337,-25.66231619924523,-0.8113069858792854
D1_154_building,107_0005_0006,32.260277206163586,-15.752221653269807,-0.7916932051927396,0.9077906015834687,194.11654235674507,-0.0038640951781745933,-0.015364831186493112,-0.9998744874888371,0.7424584760398771,-0.6698809447394632,-0.0038640951781737155,-0.6698509486284876,-0.7423366005957557,-0.015364831186489621,0.0074241483521988475,0.013996116967949807,-0.99987448748861,32.273391925260654,-15.76061419575992,-0.8163160559203588
D1_154_building,107_0005_0007,42.01676721755022,-5.752192676318037,-0.7776295312669123,0.9537476516041898,194.4889941787104,-0.0041645466877630105,-0.016115877214084022,-0.9998614579293004,0.749851888587029,-0.6615926252114143,-0.004164546687760818,-0.6615627671306924,-0.7497166022224335,-0.016115877214075536,0.007539915721411944,0.014839629995633014,-0.9998614579287739,42.027056739988076,-5.754543400054134,-0.8143558612030011
D1_154_building,107_0005_0008,51.83306187474899,4.20832684573123,-0.7756930449345187,0.9592960799828125,194.02333852986914,-0.0040568955620303776,-0.01624312999621746,-0.9998598413409375,0.7531675988244946,-0.6578161670863576,-0.004056895562030253,-0.6577844257803531,-0.7530310816485757,-0.01624312999621696,0.0076300250628875965,0.014902361933884814,-0.9998598413409067,51.85105181771957,4.221564816733983,-0.8184268512471068
D1_154_building,107_0005_0009,59.9257435019956,12.40789349886382,-0.8654901566459612,1.1471988909041277,190.98063639038062,-0.0038135561563048506,-0.019654506714337036,-0.9997995584892299,0.762754421568747,-0.6466770052867639,-0.0038135561563043467,-0.6466139593772113,-0.7625641533042945,-0.01965450671433444,0.00980203632099897,0.017457460546236984,-0.9997995584890977,59.95488378683636,12.412507093453675,-0.9145084852081856
D1_154_building,107_0005_0010,47.92876534325449,23.358975021225586,-0.8118862324082031,1.258301036281921,194.51626489419093,-0.005504312527639456,-0.021258699815755518,-0.9997588560376656,0.7323486108852322,-0.680907640343148,-0.005504312527640555,-0.6808497670199662,-0.7321145145613343,-0.02125869981575976,0.010445424034102391,0.019316389181945677,-0.9997588560378652,47.95157349542902,23.368766990268742,-0.8214379136085318
D1_154_building,107_0005_0011,38.04184523999499,32.44319313731182,-0.7645022942727396,1.2968923268843673,195.90522520476205,-0.006202533763925728,-0.02176662972286805,-0.9997438383933231,0.7364445519681069,-0.6764694748848255,-0.006202533763925693,-0.6764216383760631,-0.7361928965743723,-0.021766629722867924,0.010158199281296527,0.02022544392413286,-0.9997438383933175,38.0580339591094,32.464397242452115,-0.7674112230104089
D1_154_building,107_0005_0012,36.84061232611465,33.38790976921931,-0.818619951195869,1.3689644227949407,199.1605501426806,-0.007841306002210625,-0.022567182195528203,-0.9997145773709283,0.7705847217998015,-0.6372893380949551,-0.007841306002206533,-0.6372829850582498,-0.7702993698831873,-0.022567182195516424,0.008341671530931974,0.022387056710079112,-0.9997145773704065,36.86113746078531,33.39805058694248,-0.8124090368446824
D1_154_building,107_0005_0013,25.544627722102046,21.94440813159848,-0.86322472208513,1.4977062184078043,199.51189272125072,-0.00872979963379794,-0.024635941260148418,-0.999658372143494,0.7569338709857819,-0.6534331683901654,-0.008729799633797383,-0.6534225257259125,-0.7565924089436321,-0.024635941260146847,0.009493041019603427,0.024352026108971758,-0.9996583721434301,25.55709636427349,21.943199033638624,-0.8313039754492964
D1_154_building,107_0005_0014,15.852322949824888,12.158132628280947,-0.8337271969330686,1.4853983558396684,200.62244956544035,-0.009130012034915579,-0.02426113583826361,-0.9996639636238168,0.7499658529599329,-0.6614135334823624,-0.009130012034911506,-0.6614125287019148,-0.7496298180863799,-0.02426113583825279,0.009202514319957658,0.024233727779570915,-0.9996639636233708,15.862365336120057,12.156962598985674,-0.8442463117334523
D1_154_building,107_0005_0015,6.197484575099409,2.248638886321689,-0.7661079817571321,1.4493021017003027,201.8578764955925,-0.009416499262124624,-0.023474131383136112,-0.9996800961794997,0.7509328223439132,-0.6603114612571566,-0.009416499262128664,-0.6603247656980546,-0.7506131953021595,-0.023474131383146184,0.008432089395470816,0.02384544340008702,-0.9996800961799286,6.21246202680046,2.247508220617263,-0.7602184175221777
D1_154_building,107_0005_0016,-3.569404088733155,-7.608562388108672,-0.8035174092903143,1.5072072033394674,203.16183497572595,-0.010345627784467413,-0.024182632604641423,-0.999654024283429,0.7539200375170406,-0.6568847273430904,-0.010345627784471166,-0.6569163913826396,-0.7535755138089499,-0.024182632604650197,0.008088990251934483,0.02502798375113837,-0.9996540242837917,-3.5570666468197025,-7.618637850508921,-0.7602205522722412
D1_154_building,107_0005_0017,-13.255967841164361,-17.52556893769559,-0.83906087751008,1.5846449195971914,205.26399871381915,-0.011802333938807166,-0.025008689567587606,-0.9996175620504619,0.758017756422877,-0.6521271240032951,-0.011802333938810613,-0.6521923102353776,-0.7576409148902149,-0.02500868956759491,0.007366913719925235,0.026654422195042066,-0.9996175620507538,-13.248349837472798,-17.541391106431927,-0.8272529259858187
D1_154_building,107_0005_0018,-23.100424074585696,-27.582404798663024,-0.7677979632257509,1.6433376916460019,205.31762618769181,-0.01226362512741371,-0.025923255780471846,-0.9995887095743302,0.7563017336200452,-0.6541080118921492,-0.012263625127410112,-0.6541778078043002,-0.755896408633528,-0.02592325578046424,0.007686579109476752,0.027628394689788418,-0.999588709574037,-23.099713042554203,-27.60068457396332,-0.7343166493510502
D1_154_building,107_0005_0019,-30.27015334871131,-34.595386419763976,-0.8463810665629227,1.6363216758941652,212.5674405871968,-0.015371098452185141,-0.02406523552647094,-0.9995922137408978,0.7588333618803754,-0.6511034159256868,-0.01537109845218219,-0.651272480852764,-0.758462273368711,-0.024065235526466323,0.004010558780074305,0.028272277001597138,-0.999592213740706,-30.275866987964516,-34.625861677912006,-0.803380993873193
D1_154_building,107_0005_0020,-41.98461778475259,-23.82775738197824,-0.8769545449112564,1.757014921748302,213.2719890239118,-0.01682099743928819,-0.025634823606951792,-0.999529844408754,0.7333368323615861,-0.679657372759957,-0.016820997439288544,-0.6798464051004273,-0.7329063523334955,-0.025634823606952333,0.005094680987629897,0.030234654981054255,-0.9995298444087751,-41.99595176234013,-23.855981742384078,-0.8263977894324069
D1_154_building,107_0005_0021,-51.584329984090694,-14.578885849074178,-0.8303927070934685,1.7472173589065079,213.50718840891983,-0.01683173163333038,-0.025423041812591148,-0.9995350727989583,0.7399151545758176,-0.6724895960824754,-0.01683173163332265,-0.6726841335470203,-0.7394928839545549,-0.025423041812579473,0.0046497853519829385,0.030133332721936436,-0.9995350727984993,-51.592201859837985,-14.585947999509061,-0.8054400780497826
D1_154_building,107_0005_0022,-52.85871647698521,-13.550115851328291,-0.8362262734170977,1.689512614762575,214.61684987449777,-0.016749035203296365,-0.02426383933750863,-0.9995652734666018,0.7717294088838469,-0.6357304375942308,-0.016749035203297572,-0.6359460984457236,-0.7713519468910142,-0.024263839337510383,0.002505860286740256,0.029376601979832603,-0.999565273466674,-52.89374570520479,-13.562356341897212,-0.8244484572464004
D1_154_building,107_0005_0023,-41.84253799330858,-1.8406027819721167,-0.8268812151863153,1.7113640514515631,220.94208141673462,-0.019570078428295713,-0.022558815806337857,-0.9995539564524399,0.7484467662844919,-0.6629060642870623,-0.019570078428291837,-0.6631947975705877,-0.7481067840252258,-0.02255881580633339,0.00031386736531451167,0.029862846943260146,-0.999553956452242,-41.86392548400267,-1.8478308257154135,-0.801352455563218
D1_154_building,107_0005_0024,-32.14063959455764,7.979171775515496,-0.8847475308647401,1.7196694113457394,221.02278377011697,-0.019696934050583283,-0.02264054130186852,-0.9995496169168219,0.745533196827278,-0.6661773661852316,-0.019696934050577933,-0.6664683703456251,-0.7451894505542743,-0.02264054130186237,0.0004046687105263715,0.030006658671679308,-0.9995496169165503,-32.15679641364661,7.98607461689916,-0.8893009548220115
D1_154_building,107_0005_0025,-22.56731051347751,17.802243441917206,-0.8533211791535578,1.72421454691599,220.78405897215683,-0.019654224942023502,-0.022782450366573444,-0.9995472331997238,0.7517865143564427,-0.6591136080171561,-0.019654224942016293,-0.6594065329599151,-0.7514412713211592,-0.022782450366565087,0.00024722728294222085,0.030087663275877766,-0.9995472331993571,-22.564895729700627,17.81333104360205,-0.8482797984387335
D1_154_building,107_0005_0026,-12.63728755556132,27.967961634041647,-0.834965824524236,1.7235032506794707,220.0555446187075,-0.019354980285411327,-0.023021007005253384,-0.9995476066574396,0.7547657392684638,-0.6557088252911946,-0.019354980285405343,-0.6559942342641988,-0.7544147386206153,-0.023021007005246265,0.0004933950673323926,0.030072222842077796,-0.9995476066571305,-12.642354807523844,27.98142267531004,-0.8482890547535604
D1_154_building,107_0005_0027,-2.963258291999723,37.9730324300146,-0.7817988603985201,1.7275404979256492,220.65357997343082,-0.01964009252308852,-0.02287116904682213,-0.9995454849040719,0.7488779900077859,-0.6624168044718544,-0.019640092523090635,-0.6627077443458887,-0.7485287938419493,-0.022871169046824593,0.0004490719470054208,0.030143356520601065,-0.9995454849041796,-2.9625586173305174,37.98522062734342,-0.7983291038614163
D1_154_building,107_0005_0028,6.759836590689099,47.823772274138655,-0.7493893873898895,1.7410516174427673,221.51164750302655,-0.020136617355121154,-0.022750984443201804,-0.999538348112947,0.7540485843850651,-0.6565099001750726,-0.020136617355122906,-0.6568186008236886,-0.7537053259193333,-0.022750984443203785,-0.00024082922144826524,0.03038145245033641,-0.999538348113034,6.766461699795712,47.846927633959254,-0.7533985369980946
D1_154_building,107_0005_0029,13.167545392727373,54.56368302963273,-0.7870784849371727,1.7041021525874733,217.89461664470952,-0.018265290837938666,-0.023467347717663338,-0.9995577335710548,0.7665754449600073,-0.6418944355065845,-0.018265290837930038,-0.642153366211164,-0.7662169000053458,-0.023467347717652253,0.0010683853919582335,0.029718610515127405,-0.9995577335705826,13.187091793028785,54.58682129660924,-0.7884628352933489
D1_154_building,107_0005_0030,19.210711145535644,39.6634273664881,-0.3092815804559375,1.2900414501722801,254.09993426849343,-0.021652221761185086,-0.006167824472152905,-0.999746537495422,-0.709110274111483,-0.7047650675529104,-0.021652221761191297,-0.7048221702293461,0.7093572205133352,-0.0061678244721546744,0.019706027076410736,0.010887298229959826,-0.9997465374957087,19.21290488289435,39.66605392125354,-0.3193675721982681
D1_154_building,107_0005_0031,24.454238619970084,27.161578191933167,0.20424623915486484,0.03249394763497284,348.6455619501659,-0.00011165456426208597,0.0005560265705202793,-0.9999998391838427,-0.3346796210870774,0.9423319684497115,-0.00011165456426207328,0.9423318078773825,0.3346796299406961,0.0005560265705202161,0.0005613301213742638,8.087511449759497e-05,-0.999999839183729,24.44637439610221,27.17435488759612,0.1676801749548267
D1_154_building,107_0005_0032,25.33156535293756,25.45030713526577,0.25963150558341624,30.307615187641975,310.93624375139694,-0.3812266039297226,0.33065117787741966,-0.8633284861653098,0.6615156371657462,0.645804411754647,-0.38122660392960545,0.7499153884729611,-0.5729718219072492,0.33065117787731807,-0.0048961123875336555,-0.5046186213954856,-0.8633284861650444,25.321404726532705,25.48577823903997,0.28968375552959574
D1_154_building,107_0005_0033,37.04679770413364,13.6026696955074,0.24458854302726837,30.19901971731274,312.20326502096856,-0.3726092793843411,0.3379001560237302,-0.8642834080762056,0.6740577554606076,0.6378153864710527,-0.3726092793843117,0.7386764372951722,-0.5832500368997703,0.33790015602370355,-0.001806457346393009,-0.5030019157381962,-0.8642834080761375,37.03799648344807,13.642450332900337,0.2506629891812524
D1_154_building,107_0005_0034,47.01092527465238,3.895687489268702,0.25617232494033104,30.139712193541932,312.40889271711364,-0.3707334498245372,0.3386316920475181,-0.8648036114183567,0.6759387652851968,0.6369171804605048,-0.3707334498247765,0.7369568169084942,-0.5849984847438015,0.3386316920477367,-0.001198163878331794,-0.5021088309132684,-0.8648036114189149,47.00631437973875,3.9328902224096476,0.2806108233355501
D1_154_building,107_0005_0035,57.05808859652316,-5.926180967993011,0.25234264037983084,30.075158099736164,311.4566702434226,-0.37557937624029586,0.3317785488408043,-0.8653687807357279,0.6627904948779404,0.647803127533789,-0.3755793762403226,0.7488046709213865,-0.573772219034166,0.33177854884082797,-0.0005698305410934182,-0.5011352598066211,-0.8653687807357896,57.05292522071623,-5.8876748644117365,0.267527480125802
D1_154_building,107_0005_0036,67.17721911031359,-15.632175968772032,0.24726716707810784,30.02654057842604,311.7802420055767,-0.37315200974182927,0.3334049273138345,-0.8657937006403378,0.6655287931322346,0.6463969393015669,-0.37315200974197055,0.7463719522416854,-0.575994846635049,0.3334049273139607,0.0005782899403473409,-0.5004007728930706,-0.8657937006406655,67.18310484877729,-15.598319249066794,0.2694125635989061
D1_154_building,107_0005_0037,77.30464139552069,-25.47123996116005,0.2058593223452421,30.01066668909166,311.2045395838796,-0.37630265368434185,0.3294807385947227,-0.865932304354791,0.6579882398481263,0.6522635886294584,-0.3763026536843365,0.7530279778661985,-0.5695536036628382,0.32948073859471805,0.0005837564662212782,-0.5001608776214824,-0.8659323043547787,77.31330910789741,-25.442172048400298,0.2192662275556485
D1_154_building,107_0005_0038,86.85238242828966,-34.737233191268935,0.20551676758767928,29.944315969850084,311.2612473114192,-0.3752223160238266,0.32919146789091785,-0.8665109295476535,0.6583694334346478,0.652501266417983,-0.3752223160239835,0.7526944589572274,-0.5701614060273728,0.32919146789105547,0.0008605664166717864,-0.4991573583543083,-0.8665109295480158,86.85959140296343,-34.71316692877953,0.20009970739212465
D1_154_building,107_0005_0039,86.59013686941974,-34.49127923007074,0.11162059733727456,29.869131449840644,310.3729845036339,-0.379413930332103,0.3225982136184698,-0.8671651872856279,0.6457107123888193,0.662648281802765,-0.37941393033233933,0.7635805752268578,-0.5593523913470337,0.32259821361867075,0.0015430627254225764,-0.49801822950357955,-0.867165187286168,86.62478026943167,-34.46559942358031,0.1161042437256302
D1_154_building,107_0005_0040,75.78488014834267,-46.405513857055205,0.04001148560859026,29.75040713459423,311.9867123634948,-0.3688423056447853,0.33195224763533426,-0.8681952884325557,0.6645661006048216,0.6498517150045926,-0.36884230564481496,0.747221902413035,-0.5757318245884959,0.33195224763536096,0.003365483811750018,-0.4962112601116291,-0.8681952884326255,75.80616246744546,-46.392340503420584,0.06716599330545647
D1_154_building,107_0005_0041,66.17387531673165,-56.47903501356788,-0.012835908070375362,29.765670491589162,311.4934236387916,-0.37185977301869355,0.32891765337435463,-0.8680630659745833,0.6575225485473655,0.6552742993293839,-0.3718597730186947,0.7534252253462929,-0.5693536748894593,0.32891765337435563,0.0038115565405978137,-0.496439306992686,-0.8680630659745859,66.18088595369933,-56.462840947398995,0.005191553410786429
D1_154_building,107_0005_0042,64.98437944495879,-57.70417123815211,0.03216407249725249,29.84433518241115,311.3733787340898,-0.37344210520808735,0.3289252550468997,-0.8673806376960947,0.6549109390535134,0.6569875615010818,-0.3734421052079334,0.7556920336007015,-0.566337114220813,0.32892525504676406,0.004605677037101265,-0.49762397157837335,-0.8673806376957371,64.98311159002671,-57.69625781611173,0.05019278224875531
D1_154_building,107_0005_0043,53.251136733186456,-46.50299057856411,0.18896014873478825,29.80339040581589,310.4297807633882,-0.378336326253273,0.32232868645503693,-0.8677360440395152,0.644135581326318,0.6647939358219027,-0.3783363262533336,0.7649042817276935,-0.5576967434757895,0.32232868645508855,0.003285219007203502,-0.4970144517121841,-0.8677360440396541,53.24703566742482,-46.48799428596486,0.20239318822150684
D1_154_building,107_0005_0044,43.17412425379959,-36.78628566658845,0.18726955915213522,29.753706408598557,310.30022729682145,-0.37849017155896425,0.32098558944949096,-0.8681667129065873,0.6419869580988388,0.6667817751438022,-0.3784901715587984,0.7667071552205823,-0.5559931559832602,0.3209855894493503,0.0035893961348827243,-0.49625968487903,-0.8681667129062068,43.15728829942493,-36.76845172550341,0.2215329369565037
D1_154_building,107_0005_0045,33.03901636819966,-26.906165017423056,0.20627716086474193,29.715976109240387,311.16544842428226,-0.37316954551431225,0.32628795197352384,-0.868493329103664,0.6534660666491466,0.658579220775945,-0.3731695455142353,0.7569472363177915,-0.566186412613298,0.32628795197345656,0.0036029388878631866,-0.49568776072602516,-0.8684933291034849,33.02183380529942,-26.886810756419496,0.2206428202876828
D1_154_building,107_0005_0046,22.95267453146186,-17.029194602820148,0.2161324926825703,29.655512209251857,311.1074541825278,-0.3728088375538567,0.3253073001499836,-0.869015955613515,0.6525224549033865,0.659718134120846,-0.37280883755397903,0.7577602229982571,-0.5656629782036873,0.32530730015009035,0.0037269677188129895,-0.4947700259724084,-0.8690159556138002,22.93037507581865,-17.000716292343867,0.22472112260993718
D1_154_building,107_0005_0047,12.869893233448611,-7.295975783109503,0.19545903208327772,29.618026952381605,311.2401585911597,-0.3716267851492017,0.3257950353615525,-0.8693394777032927,0.6535758635307285,0.6593421897392826,-0.3716267851492618,0.7568491001936909,-0.5666013011543437,0.3257950353616052,0.004246192012451675,-0.4941971695187326,-0.8693394777034332,12.84333801580255,-7.270034049076684,0.2157679356591627
D1_154_building,107_0005_0048,2.9461871060199174,2.341311096850617,0.1941884716567633,29.600256597275624,311.25732375895876,-0.3713264527468634,0.3257285371121718,-0.8694927173939963,0.6534101059675268,0.6596756012692814,-0.37132645274691045,0.7569905206303723,-0.5664505907726759,0.3257285371122131,0.004537080043102245,-0.4939249227395292,-0.8694927173941065,2.929571576311903,2.3685160695190675,0.22578388816837697
D1_154_building,107_0005_0049,2.4616645795861425,2.7944888878300613,0.17187318529318277,29.69541670253488,313.1864684047278,-0.36120325148503535,0.33903193451160984,-0.8686711451970497,0.6763885549949854,0.6418962017248405,-0.3612032514849205,0.7365188571162459,-0.5853181361393395,0.33903193451150204,0.006204497099569591,-0.4953503262515118,-0.8686711451967735,2.4485262840608506,2.8259089736686027,0.21478390478962922
D1_154_building,107_0005_0050,-9.438834911301477,-8.26951948076444,0.08577852577159503,29.67083218742924,311.95507562864134,-0.3681284784117598,0.3309420882925796,-0.8688836271784554,0.6591835746840158,0.6557121611263064,-0.36812847841168006,0.7519483424409157,-0.5701324622371012,0.33094208829250793,0.007120756106052714,-0.494965187921268,-0.8688836271782673,-9.472083557845522,-8.242553871388047,0.13277263819486418
D1_154_building,107_0005_0051,-19.38997356936003,-17.820778579702793,0.002274691660991483,29.696258719448675,311.47086010338194,-0.37120102535105026,0.328074516886325,-0.8686638648799279,0.6537345121703407,0.6594247389767575,-0.37120102535110855,0.756696660403444,-0.5654885281809222,0.3280745168863765,0.006430531178159969,-0.4953602104737717,-0.8686638648800642,-19.429841209622165,-17.78450999976659,0.03873058781727361
D1_154_building,107_0005_0052,-20.553764648948263,-18.872660065955607,0.11375659949652783,29.830424514371497,310.9574055356006,-0.37566122619714015,0.32606733244222447,-0.86750143391586,0.6473728251096715,0.6631644354469122,-0.37566122619738246,0.762148825174067,-0.5592935392086725,0.3260673324424348,0.006131361693064877,-0.4973968923888168,-0.8675014339164195,-20.600361010605237,-18.838065769212264,0.1697238883697372
D1_154_building,107_0005_0053,-8.85364809117132,-30.38772783423494,0.2316714412007702,29.82264506753057,312.1286026627871,-0.3688306276605266,0.3335986468485247,-0.867568966088792,0.6601814156116028,0.6543122087968383,-0.36883062766041796,0.7510621217502287,-0.5697522550142904,0.33359864684842644,0.008135585642578824,-0.497250340699369,-0.8675689660885364,-8.899601737948977,-30.368388640347934,0.2657063086143001
D1_154_building,107_0005_0054,1.074335832694925,-39.94961030586067,0.26234000630901755,29.823696015017784,313.03892325266224,-0.36349568443504443,0.33942717132035455,-0.8675598439108171,0.6720284690985631,0.645173328740089,-0.36349568443496366,0.7404805989802895,-0.5800669598451144,0.33942717132027916,0.008137521398487632,-0.49726622445059665,-0.8675598439106244,1.0423321833868122,-39.9270200522868,0.29265960528417734
D1_154_building,107_0005_0055,11.213049722986193,-49.710208441126035,0.22666430486279704,29.818555884753973,312.1739949079849,-0.3685203313151201,0.3338491743109113,-0.8676044572380417,0.6609909226342428,0.6536694620398829,-0.3685203313149261,0.7503515600873228,-0.5705412036709936,0.33384917431073563,0.007970976768827385,-0.4971910792741914,-0.8676044572375852,11.183040711433767,-49.69546203899471,0.2495810832379645
D1_154_building,107_0005_0056,21.146221362801555,-59.5967764673301,0.2444058399100038,29.855049049879273,312.09209384199374,-0.36940716500389353,0.3336924078648711,-0.8672875667142537,0.6603770404573307,0.6537893474815405,-0.3694071650039074,0.7508953990963521,-0.5699170786595347,0.33369240786488363,0.007633089282755149,-0.4977489453238273,-0.8672875667142862,21.117107538123246,-59.59045261900307,0.2784709624189635
D1_154_building,107_0005_0057,31.35440316522699,-69.37828141392868,0.2316754340801093,29.9185525956304,311.47741858701886,-0.37368568538227925,0.3303467019357203,-0.8667352912282784,0.6523005482504978,0.6594414327991497,-0.373685685382085,0.7579219149811905,-0.562517046239884,0.3303467019355486,0.007639734481912484,-0.49870990505139823,-0.8667352912278279,31.33525437003306,-69.37663214824839,0.26132980110228815
D1_154_building,107_0005_0058,41.40487930627621,-79.10859871021786,0.19698127110931646,29.965565354491495,312.0615225317688,-0.3708264676955172,0.33461534946354854,-0.8663257463332444,0.6607347122526717,0.6526234525975834,-0.3708264676956132,0.7505860468738478,-0.569783427401485,0.3346153494636352,0.007087048923608235,-0.49942914910681385,-0.8663257463334687,41.3960068837636,-79.13726547736755,0.24515857710641298
D1_154_building,107_0005_0059,42.517634876752936,-80.3019039218292,0.06825865227255486,30.065830560437888,310.61396779026325,-0.38031140630814936,0.32612715615653404,-0.8654503522728323,0.6446125764440933,0.6632027295794626,-0.38031140630795857,0.7644942272416824,-0.5560482483842385,0.3261271561563704,0.004816928835555343,-0.5009715410555013,-0.8654503522723981,42.497941782529516,-80.31959672713346,0.09913652077396053
D1_154_building,107_0005_0060,39.11089839531827,-64.890852569419,0.1132159159985288,30.154621992347973,321.9322545506506,-0.30973630803360114,0.395479658282886,-0.8646729204561491,0.7828397152321878,0.5396530364410694,-0.30973630803357644,0.6222095080837764,-0.6756116990805698,0.3954796582828545,0.004160325104926355,-0.5023180589284232,-0.8646729204560801,39.10149707447624,-64.8859304683911,0.12433437547597383
D1_154_building,107_0005_0061,35.83332045313479,-51.49848061997192,0.11023257594410621,30.21400272704484,340.4251782922334,-0.1686013361374831,0.4741467966038235,-0.8641518412426071,0.9390701418027163,0.2995344024105504,-0.16860133613749187,0.3436838453491524,-0.810596218666728,0.4741467966038481,0.005355671840095171,-0.503202655056781,-0.864151841242652,35.8413857048057,-51.48610650080202,0.15747607568946095
D1_154_building,107_0005_0062,32.41855460120392,-37.786471417925775,0.14251981697421526,30.27909291373089,359.160876920189,-0.007384160887764226,0.5041584661765939,-0.8635795939868242,0.9996402005709447,0.025786499787805568,-0.0073841608877652405,0.02599155999921687,-0.8632199486759101,0.5041584661766632,0.006626327198105599,-0.5041689961087161,-0.8635795939869428,32.43353945391768,-37.76321958896485,0.15159056199315302
D1_154_building,107_0005_0063,29.1928288245705,-24.142734170598832,0.18426962041373382,30.34428381354995,18.519557547707304,0.1604641836140983,0.4790334243787436,-0.8630053441926275,0.9524256489900772,-0.25910736948871005,0.1604641836141375,-0.3046666062273152,-0.8232285450456301,0.4790334243788606,0.007977605920188684,-0.5051317983442345,-0.8630053441928384,29.221817230526025,-24.125813983099892,0.15367240527933543
D1_154_building,107_0005_0064,26.80813024994446,-14.351690800127423,0.09263216479656824,30.51992115692574,40.87593390356676,0.33234094840521206,0.38399067541546417,-0.8614526424633567,0.7644940441135013,-0.5523570860664827,0.3323409484051952,-0.6445858421254481,-0.6611053269523989,0.3839906754154447,0.007612400806197756,-0.5077808544504813,-0.861452642463313,26.853487248724647,-14.327397066080243,0.07571241951409266
D1_154_building,107_0005_0065,15.089087144890065,-25.716480442881238,0.1518168398971909,30.50005440216069,41.84403768943704,0.3385820513437332,0.37809815502561295,-0.8616286785350735,0.7540753968939486,-0.5627899166710263,0.33858205134388153,-0.6567375404138817,-0.6524856995958865,0.3780981550257786,0.00813011748112796,-0.5074740599440616,-0.861628678535451,15.124601383179701,-25.692312151470222,0.12571520717338022
D1_154_building,107_0005_0066,5.480174408293083,-35.655027044365454,0.2951571887523026,30.465977591219133,41.55589011358215,0.3363362778878322,0.3794125950311725,-0.8619303863469895,0.7564545860075423,-0.5609406095879511,0.33633627788766957,-0.6540055706995422,-0.6544637470679134,0.379412595030989,0.007291968359551263,-0.506974196866681,-0.8619303863465726,5.508948942554951,-35.645064286185104,0.262682750477062
D1_154_building,107_0005_0067,-4.383684040877681,-45.73181440858899,0.2196063688561096,30.431334651640693,42.146076060928564,0.33987680924921415,0.375541563105483,-0.8622367939927315,0.7493147846352337,-0.5683406619821847,0.33987680924915104,-0.6621774215846962,-0.6484516918964275,0.3755415631054132,0.0069581514166201465,-0.5064575946854095,-0.8622367939925712,-4.362641163048867,-45.7243637230812,0.15261916955377874
D1_154_building,107_0005_0068,-14.16283859051808,-55.80339432015828,0.28096151219788046,30.422518118503596,42.02709654046114,0.3390074031321574,0.3761479736916615,-0.8623147235837089,0.7497447491805073,-0.5682928749314872,0.3390074031321316,-0.6616988954535443,-0.6485886783186605,0.3761479736916329,0.00611415016874468,-0.5063357923930056,-0.8623147235836434,-14.137518311887952,-55.81142402887387,0.25352450459348413
D1_154_building,107_0005_0069,-23.985170780064763,-65.93549658307593,0.24376847930293752,30.443377561832712,41.588650733103705,0.33632746354211546,0.37896590879991626,-0.862130313371929,0.7535943712909404,-0.564782578366647,0.3363274635421706,-0.6573203450465045,-0.6513945071579795,0.3789659087999784,0.005048519272491184,-0.5066614601664826,-0.8621303133720704,-23.960788132225474,-65.93510704898353,0.20939832572471567
D1_154_building,107_0005_0070,-33.874981234343466,-76.08612463056895,0.2513589962169566,30.413655417869254,41.78665538141671,0.3373370347840191,0.3774678375227541,-0.8623930406717237,0.7510913190479219,-0.5675081985439014,0.33733703478405175,-0.660180585044956,-0.6493686370355749,0.3774678375227906,0.004839998018260794,-0.5062161769643704,-0.8623930406718072,-33.856195903431015,-76.09763430194461,0.19824008239570445
D1_154_building,107_0005_0071,-41.390527022900926,-83.5988364003339,0.20381619479216706,30.35403417829711,41.70427138068749,0.3361967292616359,0.3772823053309115,-0.8629193596843052,0.7487518268816331,-0.5712639153446124,0.33619672926169386,-0.6628476883187839,-0.6467542069243444,0.3772823053309765,0.0019088820704750184,-0.5053380401777454,-0.8629193596844539,-41.374504686656614,-83.60905812265382,0.14910150905808478
D1_154_building,107_0005_0072,-53.42548158249921,-72.67503287035659,0.22510303671483672,30.234776497296014,43.35442704086736,0.3456879785686439,0.36613770971221654,-0.8639693275804515,0.7300610971358423,-0.5895003103666383,0.34568797856873934,-0.6833772938685001,-0.6316159052393358,0.36613770971231757,0.0025037320018145306,-0.5035382133723119,-0.86396932758069,-53.41387993285668,-72.67152309079194,0.17714654235927768
D1_154_building,107_0005_0073,-63.31991055032344,-63.274341980979344,0.2744614398777301,30.242781310276925,42.942136114446015,0.34312661362089275,0.368704080206525,-0.8638989687828774,0.7353079644075642,-0.5844538685850874,0.34312661362077856,-0.6777273283824126,-0.6361941288654356,0.3687040802064023,0.0028046110038828184,-0.5036573298317558,-0.8638989687825899,-63.29686960934051,-63.26159106543895,0.22115680069555124
D1_154_building,107_0005_0074,-64.48008089972129,-62.15422848347897,0.20966993510303827,30.27044492310493,40.83808343507634,0.32963124949422523,0.38136870881890855,-0.8636556879281664,0.7592686219380314,-0.5611188814293825,0.3296312494940847,-0.6507728326004666,-0.6565459833728831,0.38136870881874596,0.0024248895452895908,-0.5040763559425194,-0.8636556879277982,-64.47705716732989,-62.13364123945954,0.1641561137555466
D1_154_building,107_0005_0075,-53.239283749292795,-50.29750319746395,0.2853397325095848,30.266067972237575,43.41480646117502,0.346397867205719,0.36611590781621456,-0.8636941933573701,0.7286718160092792,-0.5908010681685257,0.3463978672055986,-0.6848603043418184,-0.6300202421995068,0.36611590781608727,0.0019359987836413824,-0.5040124921755629,-0.8636941933570699,-53.231692495114224,-50.2770296276597,0.2353644940403328
D1_154_building,107_0005_0076,-43.54408155855277,-40.41848796443025,0.24658926378660803,30.269375976059653,42.747895625609395,0.3421468327181806,0.37015963214742365,-0.8636650922605367,0.7367590688005794,-0.5831994679367093,0.34214683271808305,-0.676152166581322,-0.6370244064055811,0.3701596321473181,0.002078982496141068,-0.5040617881190612,-0.8636650922602904,-43.52976730308485,-40.38762749718561,0.19250845972987027
D1_154_building,107_0005_0077,-33.682178140096646,-30.34301373965324,0.19618112418734082,30.316546104850378,41.96731731324291,0.33754766590785695,0.3753149743539746,-0.8632498150974799,0.746338893205787,-0.573619934912549,0.33754766590788027,-0.6655615447337658,-0.6451096807500787,0.3753149743540005,0.0024671158314864853,-0.5047709085058509,-0.8632498150975395,-33.677482929857426,-30.32391681280739,0.1826239382897916
D1_154_building,107_0005_0078,-23.746016081528577,-20.285776209578994,0.1628830942494298,30.34609955007078,42.15034680346223,0.3390436379619211,0.3745648424915046,-0.8629893338430435,0.7444430473479281,-0.5751990619018558,0.33904363796205134,-0.66768060516859,-0.6433535484094685,0.3745648424916485,0.002675581526132016,-0.505215054147166,-0.8629893338433751,-23.732003502015715,-20.265745283150668,0.16070863005412794
D1_154_building,107_0005_0079,-13.959057876906538,-10.168101853806386,0.148418495548659,30.33192742935012,42.17387588235087,0.33905410401816793,0.3742673699115593,-0.8631142742232464,0.744725653239208,-0.5748269443551025,0.33905410401815816,-0.66736324219636,-0.6438557593009336,0.37426736991154846,0.0031629689688038327,-0.504998757680965,-0.8631142742232215,-13.94044792390952,-10.145391397148511,0.12876169799393022
D1_154_building,107_0005_0080,-4.194231792098983,-0.08779429403129561,0.19431274669730375,30.336528586955744,42.363158808082304,0.34033538880346126,0.3731964401501123,-0.8630737165429617,0.7428185137519393,-0.5765348894515822,0.340335388803353,-0.6694840599182519,-0.6422737037856803,0.3731964401499936,0.0034277023306930935,-0.5050663428401694,-0.8630737165426872,-4.167384595209144,-0.05611071837858593,0.16478364168988177
D1_154_building,107_0005_0081,2.818452013924449,6.985047317549147,0.23784859709549908,30.282904883780215,40.886139337050025,0.33007392955009296,0.3812340846577522,-0.8635460460951264,0.760991888300526,-0.5585181706733053,0.330073929550105,-0.6487459986649582,-0.6586267546270094,0.3812340846577661,0.004469357445043618,-0.5042501870278676,-0.8635460460951578,2.8372304152406356,7.011277745242645,0.24578050654674263
D1_154_building,107_0005_0082,-9.114283609771489,18.057568981462545,0.14052970107095686,30.22872937576776,43.41231416871187,0.34599505030145333,0.36572202565661477,-0.8640224679465907,0.732517166582137,-0.5862644674797082,0.3459950503015745,-0.6807287256014962,-0.6347092264097122,0.36572202565674283,0.0051964221010528935,-0.5034264316470546,-0.8640224679468932,-9.097419075924943,18.08863179885297,0.14275280230658927
D1_154_building,107_0005_0083,-19.292056502028043,27.227922750830896,0.19454027782841607,30.177586957959612,43.62772607930406,0.3468353240212328,0.36386023431053505,-0.8644715078581648,0.72972600884664,-0.5892412154823119,0.3468353240211679,-0.6837214556218459,-0.6325588518157593,0.363860234310467,0.004992307601116072,-0.5026570291619449,-0.8644715078580031,-19.274956588907862,27.27647742209596,0.16869743669974058
D1_154_building,107_0005_0084,-20.52735187243964,28.18616333077072,0.2476500253156564,30.28757444864492,41.14334266080007,0.33182827897501616,0.379801530042362,-0.8635049455851193,0.7576517895322641,-0.5620086823981418,0.3318282789748552,-0.6526461626489164,-0.6555942221817381,0.37980153004217776,0.004092944980843119,-0.5043237618350703,-0.8635049455847003,-20.50790364374778,28.23123321010887,0.2246894304885975
D1_154_building,107_0005_0085,-32.105450821128855,16.608425536625077,0.20721203918674075,30.201115937853295,41.89498880881699,0.3359115897880259,0.3744454642685624,-0.8642650045760165,0.7509307281085458,-0.568565251689103,0.3359115897878858,-0.6603558523942061,-0.6509383553750085,0.3744454642684063,0.005761058171360218,-0.5030037893236647,-0.8642650045756562,-32.08993186204763,16.644348993137147,0.2126826182852981
D1_154_building,107_0005_0086,-41.86181347162004,6.655270426038516,0.2504280732860749,30.236912022374813,42.489082083686114,0.3401406922984548,0.3713404653664499,-0.863950558900309,0.7439125430185808,-0.5752377228435369,0.3401406922984094,-0.6682530589674649,-0.6446271076850847,0.3713404653664003,0.005654866985370081,-0.5035448880241344,-0.8639505589001937,-41.85157686415026,6.6916530082895065,0.2546443740868898
D1_154_building,107_0005_0087,-51.70113115646157,-3.4070838875047484,0.24310822231818777,30.268167639862792,41.93170237637673,0.3368271045067758,0.374982330197861,-0.8636757225423,0.7503208741056552,-0.5688286978968562,0.3368271045068698,-0.661049997543502,-0.6499239592345042,0.3749823301979656,0.005611294717331425,-0.5040166263751875,-0.863675722542541,-51.69415312587262,-3.3709383584339268,0.2515749280990389
D1_154_building,107_0005_0088,-61.54258478772509,-13.442431293565136,0.2101714070735583,30.25309980686632,42.33295748669476,0.339291936803493,0.37244635969593637,-0.8638082488430983,0.7451644802374625,-0.5741174784070855,0.33929193680353137,-0.6668607482527268,-0.645430439000966,0.37244635969597845,0.005161378849880111,-0.5037942728926929,-0.8638082488431958,-61.53851184193104,-13.409093748034683,0.210474430848435
D1_154_building,107_0005_0089,-71.37257132899715,-23.446442875155938,0.20660506281047888,30.187619099342683,41.91349818860088,0.3358965277045896,0.37418541591681775,-0.8643834780877976,0.7499732026892527,-0.5698365712415326,0.3358965277044766,-0.6614485450101255,-0.6499777664041997,0.37418541591669185,0.005100740405326339,-0.5028073042984726,-0.8643834780875067,-71.38377452793266,-23.428364250556914,0.23434298096114803
D1_154_building,107_0005_0090,-81.20437827235027,-33.53174185531412,0.13999391555396062,30.219245448067277,42.3952906043759,0.33935273592598714,0.37170001786661927,-0.8641057905936645,0.7442548586816882,-0.575260311465627,0.33935273592586856,-0.667877061436265,-0.6448095280978021,0.37170001786648943,0.004993609461617439,-0.5032854523299526,-0.8641057905933627,-81.21499004934691,-33.50757213360899,0.17618043604997993
D1_154_building,107_0005_0091,-87.26561737273019,-39.46817516539165,0.234849732624786,30.22588944351799,42.20004380802111,0.33815143117939744,0.37292849666320826,-0.8640474211337272,0.743274459035575,-0.5772319188476689,0.33815143117952484,-0.6689831554871992,-0.6429509110746221,0.37292849666334876,0.002148539035948989,-0.503405838078649,-0.8640474211340529,-87.28662557951222,-39.43252576087506,0.16206638130111822
D1_154_building,107_0005_0092,-71.40133764394922,-36.066371807050054,0.3150813493904024,30.245260985649455,54.15577647908576,0.40830735261134604,0.29495989690044544,-0.8638771701023199,0.5874867143712265,-0.6986733616224595,0.40830735261130235,-0.8092326501667535,-0.5080759560582438,0.29495989690041385,0.0013705258322303752,-0.5037006617380823,-0.8638771701022274,-71.4023526794664,-36.04996988874534,0.2572837621286326
D1_154_building,107_0005_0093,-57.89150646567257,-32.583714904883834,0.3260310470286402,30.22731972948897,72.05383651837292,0.4789382418675389,0.15511908756135645,-0.864034854129718,0.3118853884093276,-0.8205764223844473,0.47893824186770484,-0.9501169329665146,-0.2705843350336407,0.15511908756141018,0.002306119783411999,-0.5034267103172451,-0.8640348541300173,-57.88375265527743,-32.57522152207287,0.2504393172418566
D1_154_building,107_0005_0094,-44.20085353984501,-29.17704058164713,0.3275406327490176,30.216573367349177,89.38939878772696,0.5032413472278684,0.0053632468671098105,-0.8641292623348215,0.016980209862742394,-0.8639790616170726,0.5032413472280799,-0.9998490420934729,-0.016526603040523693,0.005363246867112065,0.00368313698404417,-0.5032564480251025,-0.8641292623351847,-44.18664075625582,-29.182604959922227,0.24856522515096277
D1_154_building,107_0005_0095,-30.64518658452608,-25.91515586924401,0.2610966940615104,30.254216354672753,106.35379712906112,0.4834529530746823,-0.14186441985096487,-0.863798430505473,-0.27381643203595457,-0.8314432053427826,0.4834529530747964,-0.9617704665047743,0.23424785194190498,-0.14186441985099835,0.004704392192075782,-0.5038155814880543,-0.8637984305056768,-30.63288749949454,-25.948720348442293,0.2536586196632251
D1_154_building,107_0005_0096,-20.539767060850888,-23.177671593995903,0.1698043740813016,30.412184103008492,131.8389287955678,0.37714341418865627,-0.33766650243917223,-0.8624060402528615,-0.6613408428995253,-0.6483757665488935,0.377143414188545,-0.7500722094451885,0.568658960844731,-0.33766650243907265,0.004468795354475852,-0.5061974432996301,-0.8624060402526071,-20.530017882691382,-23.223266304717985,0.17770961431737547
D1_154_building,107_0005_0097,-32.040209897505434,-11.960000725621336,0.11288659075056111,30.400538365296267,131.35108085976242,0.37987319432690053,-0.3343272781228466,-0.8625089143509449,-0.6556035216217605,-0.6525951108224307,0.379873194326862,-0.7550949999268934,0.5639652579624203,-0.3343272781228127,0.003945063086011585,-0.5060264905543652,-0.8625089143508574,-32.03463971202732,-11.999336764222788,0.12669335256619144
D1_154_building,107_0005_0098,-42.00018927451252,-2.3063528932257293,0.12727474996591318,30.355342405052244,130.94717966135806,0.3817065382744858,-0.331195125248281,-0.8629078210621827,-0.6512947065025325,-0.6558317802006939,0.3817065382747279,-0.7588183687785172,0.560806983030682,-0.33119512524849104,0.003144596452235175,-0.505351564618611,-0.8629078210627299,-41.99936561166504,-2.3385287850322136,0.14264649329740528
D1_154_building,107_0005_0099,-52.051182471274835,7.526849657967075,0.17391160717945442,30.36103735804414,131.4381933272483,0.37891857566553494,-0.3345108356784995,-0.8628575860646266,-0.6580372009915615,-0.650697898510716,0.37891857566563825,-0.7529796775635659,0.5666781326194943,-0.3345108356785907,0.0029406269324787613,-0.5054385609388329,-0.8628575860648618,-52.04849175121311,7.497700068190221,0.1705685240937868
D1_154_building,107_0005_0100,-62.26665267874518,17.29138316888934,0.23937200203173592,30.395083682680568,131.23003902082195,0.38051688258230754,-0.3334699000016457,-0.862557086726864,-0.6557020755845294,-0.6521209168124642,0.38051688258215177,-0.7550151439388405,0.5645794525262359,-0.3334699000015092,0.0026306836726344937,-0.5059529144503958,-0.862557086726511,-62.282273789400406,17.27177312624495,0.26645790696123334
D1_154_building,107_0005_0101,-72.36956138607263,27.11908255454639,0.16655050884869346,30.46022570542505,131.28025630506895,0.3809611897898235,-0.3344500578938481,-0.8619812820756166,-0.6572390313015777,-0.6503117926094809,0.38096118978979754,-0.7536796611143654,0.5657827561851796,-0.33445005789382526,0.0019555447282105457,-0.5069363324878434,-0.8619812820755579,-72.38323676290024,27.10136642548916,0.20431714462924472
D1_154_building,107_0005_0102,-82.32613368582957,36.839714415261426,0.12146939408672049,30.47739862793421,131.42270649948725,0.38032220643788606,-0.3355670943969495,-0.861829301223976,-0.6599377685105106,-0.6479484246331773,0.38032220643768305,-0.7513191236899301,0.5682554879067027,-0.33556709439677035,0.0013099891920622837,-0.5071967463221385,-0.861829301223516,-82.34346906334599,36.838826045992455,0.152147568858978
D1_154_building,107_0005_0103,-83.80114653975431,38.30167557991139,0.0911016226959955,30.47591854061731,133.07645760349746,0.3704632698448487,-0.3463879875742651,-0.8618424030877767,-0.6844273328143693,-0.6279460102537644,0.37046326984496114,-0.7290801404078416,0.590302897610323,-0.3463879875743702,-0.0011725868511598555,-0.5071748192486318,-0.8618424030880383,-83.83934837970146,38.29095303515801,0.1181195337441897
D1_154_building,107_0005_0104,-72.44093790688385,49.66050412209449,0.1591258515502912,30.437453217750907,131.06666552074353,0.38194699262529996,-0.3328024744108501,-0.8621826998093296,-0.6583847077217091,-0.6485723332540324,0.3819469926251373,-0.7526807426243164,0.5680794070456396,-0.33280247441070837,-0.0011297437516637387,-0.506596205896149,-0.8621826998089626,-72.45954703942223,49.65240067775432,0.19518022130104948
D1_154_building,107_0005_0105,-62.36527091447975,59.1237515282289,0.1939266032702058,30.460698988237684,130.462390334642,0.3857017252741435,-0.32898277705234436,-0.8619770945468774,-0.6506703734134279,-0.6541117980001107,0.3857017252741818,-0.7593591307990197,0.5613769169425493,-0.328982777052377,-0.00133252958539144,-0.5069454732424475,-0.861977094546963,-62.37781205108953,59.10547875971295,0.2122058171005807
D1_154_building,107_0005_0106,-61.252910311279564,60.08939885113831,0.11969666066097444,30.526067142204308,133.2790978845084,0.36978490253364665,-0.3482130537296999,-0.8613981629133062,-0.6882988936987919,-0.6241023624300875,0.3697849025334674,-0.7254237810747515,0.5937238474775157,-0.3482130537295311,-0.002229525608913309,-0.5079254218339769,-0.8613981629128886,-61.253027987838756,60.0879766361824,0.14020749758877846
D1_154_building,107_0005_0107,-49.250990714617444,48.96150855109809,0.16697800744535615,30.521225069449013,131.57066549913023,0.3799474617963282,-0.3369854347028598,-0.8614410850851336,-0.6684415587887327,-0.6393948770184223,0.37994746179654265,-0.743754573551437,0.5772953759728072,-0.33698543470305,-0.0038751522287152193,-0.5078427316827892,-0.8614410850856199,-49.2534336117321,48.956146913297765,0.1614067133921157
D1_154_building,107_0005_0108,-39.17044160398211,39.21262326395868,0.20536766506288992,30.54364462704269,132.07794687498154,0.37719919256440054,-0.3405619987777584,-0.8612422969857336,-0.6748467053882057,-0.6342733585418173,0.37719919256453455,-0.7379483856783621,0.5826231243804351,-0.3405619987778794,-0.00375556932921524,-0.5081806780876622,-0.8612422969860396,-39.163901677183034,39.20207407516308,0.20654413661954413
D1_154_building,107_0005_0109,-29.04087311073526,29.364659154583265,0.1609184368413911,30.55398458064657,131.9660870332116,0.3779789189314542,-0.3399288615332347,-0.8611505710037753,-0.6727751936404185,-0.6360074493790444,0.3779789189313495,-0.7398398152258766,0.5805905759685857,-0.33992886153314056,-0.0032537100516181706,-0.5083395591839253,-0.8611505710035368,-29.020700757688022,29.34920720474535,0.14765136699891945
D1_154_building,107_0005_0110,-18.994837425702613,19.59860671106308,0.18040492270134714,30.537144098138434,131.4503202406816,0.3808338139966762,-0.3363450668710733,-0.8612999489772644,-0.6648098817043802,-0.6426456467650438,0.3808338139965843,-0.7470092396473337,0.57345373995988,-0.33634506687099214,-0.0022398819040627548,-0.5080919019439831,-0.8612999489770565,-18.978609245675322,19.575176236734254,0.1527266860605299
D1_154_building,107_0005_0111,-8.88303873453439,9.836490509819297,0.1713279210712336,30.5237459997155,131.8717059550992,0.3781998776047325,-0.3390023720006966,-0.8614187392654439,-0.6684828842808471,-0.6403869814446714,0.3781998776046631,-0.7437270888406952,0.5761487734110089,-0.3390023720006344,-0.0008066898781695569,-0.507894777384035,-0.8614187392652858,-8.865260441814636,9.808928851407975,0.14877128594220126
D1_154_building,107_0005_0112,0.9775820047627309,0.2795813500491799,0.23251537301955003,30.492758024158178,132.1375589375449,0.3762773070828763,-0.3404409450741477,-0.861693304541401,-0.6707755900416116,-0.639120877439343,0.37627730708300483,-0.7416603642670285,0.5779618213972523,-0.3404409450742639,0.00010899778040076362,-0.507429440442247,-0.8616933045416953,0.9886821609760346,0.2480768735468979,0.21678492011903533
D1_154_building,107_0005_0113,1.3554873629484339,0.02423191593109056,0.19540159446026353,30.48463563884933,131.94282061351078,0.3773413659678647,-0.3390784295782892,-0.8617652302827187,-0.6662379916845018,-0.643226579026207,0.3773413659678062,-0.7457372535592286,0.5734995791177181,-0.33907842957823664,0.0016991437124321274,-0.5073044458571002,-0.861765230282585,1.375629032937784,-0.0017129737572352418,0.17478485401445765
D1_154_building,107_0005_0114,12.906467024343973,11.476337482872122,0.21614178528488617,30.453603262802545,130.3339891052401,0.3863566372829358,-0.328048488832556,-0.8620398701928459,-0.643935869041294,-0.6603598605227056,0.3863566372830601,-0.7650752417302027,0.5541155686909508,-0.3280484888326615,0.0025438265450452944,-0.5068340864071796,-0.8620398701931232,12.93125099471505,11.446445927053327,0.193761612492267
D1_154_building,107_0005_0115,22.47851368945934,21.346392287853636,0.2538125486006266,30.484307890331667,131.07340864646753,0.38243922152612997,-0.3333105580973702,-0.8617681322138265,-0.6540162324294374,-0.6526890603940212,0.3824392215263021,-0.7564768812163188,0.5627137816387383,-0.3333105580975202,0.002344334392213271,-0.507296944990506,-0.8617681322142144,22.518698240847996,21.31372319256531,0.22470959864388695
D1_154_building,107_0005_0116,23.46199699764554,22.383972624916915,0.3009404968815992,30.6485154767768,133.2151311105135,0.37151421925288375,-0.349059751040132,-0.8603106852159406,-0.6820505678768979,-0.6299080946867512,0.37151421925298383,-0.7313017606582835,0.585965037406225,-0.349059751040226,0.0021812193277115435,-0.5097654040683075,-0.8603106852161723,23.49749252287076,22.352852116923895,0.2667025060587158
D1_154_building,107_0005_0117,12.006993637100653,33.91981409458865,0.20302712504591916,30.626306890642212,131.46738088602845,0.381737545964293,-0.33734560843414413,-0.8605082140638498,-0.6573154769473093,-0.6497790468822114,0.38173754596407317,-0.7536057490072247,0.5641598315495437,-0.33734560843394984,0.0038391182909249095,-0.5094220987540828,-0.8605082140633543,12.03332673146126,33.895341332844524,0.1986833569633746
D1_154_building,107_0005_0118,2.1225892217696853,43.50828863716894,0.20301778142236918,30.60763278558455,131.0530650629643,0.38395543309802377,-0.33439218897693473,-0.8606742062741993,-0.6521414127823765,-0.6536740802030604,0.3839554330978575,-0.7580887524981941,0.5598958003832951,-0.33439218897678996,0.0036084720303562003,-0.5091432898351625,-0.8606742062738266,2.143355386836921,43.49392648675557,0.1776359405476403
D1_154_building,107_0005_0119,-8.141468295116312,53.334417089774306,0.21215100271287038,30.622573510815236,131.80960722031338,0.3796739973511976,-0.33958230602101025,-0.8605414070065517,-0.662226055369033,-0.6459909498788394,0.3796739973513374,-0.7492959061619847,0.5685415573612357,-0.33958230602113526,0.0035066506850789914,-0.5093684228803917,-0.8605414070068685,-8.122983897772247,53.31678032906444,0.21355638559253248
D1_154_building,107_0005_0120,-18.253686155008182,63.14226764369453,0.14033432816572697,30.622376520965222,132.81285974225833,0.37366782138012405,-0.3461760129542416,-0.8605431583134785,-0.6750834374882607,-0.6361090407265486,0.3736678213801458,-0.7377324292602244,0.5795800469934087,-0.34617601295426176,0.0036352780464641533,-0.509364562404463,-0.8605431583135286,-18.242435653781786,63.12299328532023,0.14744574597706872
D1_154_building,107_0005_0121,-28.32697357019321,73.02967122609921,0.12692225570266938,30.60198379909071,132.39636307563083,0.37594814803867577,-0.3432440743884782,-0.8607244015266947,-0.6703431039663975,-0.6397680149485169,0.3759481480386101,-0.7420447214648496,0.5758065098134879,-0.3432440743884182,0.0031231891208429023,-0.5090616370402145,-0.8607244015265443,-28.315253843720093,73.01803335244989,0.13730314351100026
D1_154_building,107_0005_0122,-38.01435110715902,82.46735130734329,0.16736659395659245,30.642929455713368,132.00159160623812,0.37876118270212955,-0.3410571528086602,-0.8603603808847398,-0.6664066064549852,-0.642216631169303,0.3787611827022415,-0.7455853196995266,0.5725229685930805,-0.34105715280876103,0.002183099003912281,-0.5096815173050226,-0.860360380884994,-37.99143350258922,82.46568309336459,0.1691374531187773
D1_154_building,107_0005_0123,-37.88157148050725,82.2419881690784,0.19973821787397875,30.5888157630927,133.66537798283923,0.36811111713138295,-0.3513492993440855,-0.8608413763840035,-0.6913388101928248,-0.6217273156015394,0.36811111713144606,-0.722530356235674,0.5954020105517195,-0.3513492993441457,-0.000730642526565216,-0.5088728631662341,-0.860841376384151,-37.865678185664194,82.24253708349418,0.1881410893294622
D1_154_building,107_0005_0124,-34.57925742011661,66.38671524498965,0.20510636773083174,30.555267115652903,144.16912405282463,0.2975966441352079,-0.4121595928828765,-0.8611391916491108,-0.8128483131553904,-0.500713348333942,0.29759664413511416,-0.582471548915156,0.7006078537233889,-0.4121595928827467,-0.0021247363216078596,-0.5083648080876719,-0.8611391916488395,-34.582006615215555,66.37364632855581,0.2293450928602459
D1_154_building,107_0005_0125,-31.59722681490989,52.72424897020149,0.2513070614658926,30.39285988897952,160.8327496118415,0.16610915408268714,-0.47787984341783635,-0.862576723651223,-0.9454691157106729,-0.28017119796021783,0.1661091540826342,-0.32570770593518944,0.8158096258003912,-0.47787984341768397,-0.0016252786225387816,-0.5059236644834707,-0.862576723650948,-31.605231085103956,52.709570600970814,0.26548842111922616
D1_154_building,107_0005_0126,-28.56513989708986,38.84373881200165,0.19596468393134528,30.25917818841327,179.53773887024087,0.004065509994073617,-0.5038959477385653,-0.8637547947659342,-0.9999748429021126,-0.005812502979948945,0.004065509994075939,-0.007069236636860392,0.8637354338832928,-0.503895947738853,-0.0005826283407611282,-0.5039120112309838,-0.8637547947664275,-28.58095718490058,38.82790050909197,0.19760255289822326
D1_154_building,107_0005_0127,-25.551035900010465,25.166825361076164,0.14370513228826462,30.20735635129954,198.11568061831377,-0.1564417908499603,-0.4781910471735631,-0.8642102108160423,-0.9511321753296493,0.2662208690694431,-0.15644179084994383,0.3087812230860835,0.8221845770092504,-0.47819104717351274,0.001319591476039714,-0.5031291784425357,-0.8642102108159514,-25.57162267565376,25.150504840926395,0.13768409293191503
D1_154_building,107_0005_0128,-23.725477987923302,17.87611044847052,0.13223454929089024,30.418803952368567,220.3420519307697,-0.327763861119151,-0.3859113361474393,-0.8623475470929132,-0.7677561456404839,0.5505645758459892,-0.3277638611189958,0.6407220092808807,0.6637377098335159,-0.3859113361472565,0.0050801234450128215,-0.5062913196654508,-0.8623475470925047,-23.76003462892478,17.856634127137063,0.14771574760505957
D1_154_building,107_0005_0129,-12.564085641695135,28.95697790051407,0.21218027118242708,30.453594762839337,223.0866827066863,-0.3462246870472539,-0.37015618141767137,-0.8620399453838083,-0.7379805747544068,0.5792349586862998,-0.34622468704722537,0.6747892212451576,0.6384699744309604,-0.3701561814176409,0.006646666635641259,-0.5067967584601695,-0.8620399453837373,-12.59310779685485,28.94617138187337,0.20470672589357702
D1_154_building,107_0005_0130,-2.9163397563747244,38.790910430264454,0.2574571565062192,30.451219255249047,222.37085545605686,-0.34154913809360526,-0.37442634811813535,-0.862060958460846,-0.7456100940133645,0.572197320836808,-0.3415491380936216,0.6663555658458904,0.6448063040178962,-0.37442634811815323,0.005987284130487422,-0.5067692337999804,-0.8620609584608872,-2.9528851856018035,38.775673121212115,0.23666613212110527
D1_154_building,107_0005_0131,6.97403683880376,48.968040704289535,0.24749756966275938,30.487840303204703,223.26757483470905,-0.3477446891295802,-0.3694363615114632,-0.8617368542515419,-0.7342367481110618,0.5830694889166579,-0.3477446891297004,0.678873188696994,0.6345454817910207,-0.3694363615115909,0.0052527508106489824,-0.5073282986721374,-0.8617368542518398,6.948501632926481,48.95822272360087,0.22159281254881671
D1_154_building,107_0005_0132,16.86278154655531,59.08707921535555,0.2502863572717372,30.486566400447327,222.2454824112722,-0.3410864980001465,-0.37556644366354014,-0.8617481344777702,-0.7459043117784967,0.572089816857304,-0.3410864980000393,0.6660346217155175,0.6444747699254401,-0.3755664436634221,0.004963904350318296,-0.5073120463551287,-0.8617481344774993,16.83315504749465,59.07861462758429,0.2284884639453708
D1_154_building,107_0005_0133,26.765240868556386,69.14447866306332,0.2304642427190825,30.531146365235664,221.84758958541946,-0.3389173792769532,-0.3784254115914284,-0.8613531319301626,-0.7502983036057206,0.5676155967113745,-0.3389173792769683,0.6610821352767573,0.6478924434499886,-0.37842541159144527,0.004781843176331792,-0.5079841691327586,-0.861353131930201,26.741528508691335,69.13573848217935,0.22535330735872028
D1_154_building,107_0005_0134,36.646719095946224,79.29944629396229,0.2343393665499361,30.54948222131715,221.63836786972547,-0.3377163942865895,-0.3798664685375208,-0.8611905149912519,-0.7524207246477501,0.5655180723468921,-0.3377163942866675,0.6586672552044551,0.6495066689437798,-0.3798664685376085,0.00452769726449129,-0.5082621339886741,-0.8611905149914507,36.628771010952775,79.30278158477415,0.1941856315391512
D1_154_building,107_0005_0135,42.866035602566626,85.53609295338083,0.26411716977789357,30.54857743381096,217.65725150471033,-0.3105199197280958,-0.40238594866514094,-0.8611985414345007,-0.794547836617394,0.5217960471085379,-0.3105199197280832,0.6071951861540287,0.6851273999972658,-0.40238594866512456,0.0027823078257412127,-0.5082610854616387,-0.8611985414344657,42.85412556400048,85.54200965243825,0.22806605280074654
D1_154_building,107_0005_0136,55.145840718831316,74.95837089757778,0.13003624200549635,30.437534187989787,221.43291358322662,-0.3352379596018485,-0.3798127658516044,-0.8621819838863161,-0.7525119957359974,0.5668696558431778,-0.33523795960173414,0.658573883200562,0.6496327449125302,-0.37981276585147483,0.0024772240314184673,-0.5065926272880202,-0.862181983886022,55.13787133052921,74.95209872583189,0.11410542848936153
D1_154_building,107_0005_0137,65.67252653151293,65.63728034053656,0.1921295992414451,30.435975843867112,221.20752868861476,-0.33372584841133063,-0.38111091012867887,-0.8621957621578916,-0.7560125138364187,0.5630915884868604,-0.3337258484114509,0.6545488440012003,0.6529320676739053,-0.3811109101288162,0.0032999604648577844,-0.5065644855077232,-0.8621957621582024,65.661925460562,65.61225420176073,0.19010911275316414
D1_154_building,107_0005_0138,66.59083013259188,64.61863522970798,0.21845310746421653,30.52337352963676,221.54661758263796,-0.3368473586894099,-0.38011304140078983,-0.8614220409886256,-0.7510916896611801,0.5677984947726143,-0.3368473586895672,0.6601935946126902,0.6478105381900566,-0.38011304140096736,0.002385655969776606,-0.5078842150970928,-0.8614220409890279,66.58444271463053,64.60088994589528,0.1861099151898021
D1_154_building,107_0005_0139,55.32413689602491,52.73186839058973,0.2025263963728483,30.51420471653923,221.54572087935836,-0.33674998093806463,-0.38001513773978274,-0.8615033055228674,-0.7500010803320507,0.5692959070977471,-0.33674998093799563,0.6614351177460306,0.6466004021806685,-0.3800151377397049,0.0014016105580455596,-0.5077500271404204,-0.8615033055226909,55.31478476768236,52.713026189068515,0.1893270735538295
D1_154_building,107_0005_0140,45.50087345066908,42.83173593212569,0.15054785675560933,30.52329866772781,221.76221736776714,-0.3382745581493139,-0.378841982000017,-0.8614227045900202,-0.7474028920425693,0.5718034979566418,-0.3382745581492275,0.6643697593771354,0.6442760087880032,-0.37884198199992025,0.0013190117184457,-0.5078869797752886,-0.8614227045898003,45.49348777159223,42.81240310279661,0.11847891653385656
D1_154_building,107_0005_0141,35.55840745882752,32.670581907198134,0.11632782756419964,30.517432240866004,221.47225682097195,-0.33629459110238846,-0.38048296384817754,-0.8614747020177573,-0.7512491075634531,0.567917887005854,-0.33629459110226445,0.6600164252205324,0.6477739055106697,-0.3804829638480372,0.0017597798102111793,-0.50779744087484,-0.8614747020174396,35.54553204886063,32.65312054989118,0.100602286781111
D1_154_building,107_0005_0142,25.782935204132436,22.536010418266223,0.17154936746054825,30.478640726109404,220.98786627296073,-0.3326832973681035,-0.3828720827577637,-0.8618183056172677,-0.756857817103516,0.5625727227141236,-0.33268329736796853,0.653577063893599,0.6528751716810859,-0.3828720827576084,0.0018072748364919965,-0.5072139014861654,-0.8618183056169182,25.768159809948045,22.511613852599602,0.13869318956756935
D1_154_building,107_0005_0143,15.954442361392205,12.580923606294414,0.22041755653669134,30.47234657716402,222.21969496880018,-0.34077370358929027,-0.3755615215857023,-0.8618740200552925,-0.7425277343206425,0.5766505412356804,-0.3407737035892301,0.6698131257554721,0.6405497014831548,-0.375561521585636,0.0017147394173575735,-0.5071195452971872,-0.8618740200551404,15.937118177084045,12.556628622110345,0.2157527258787244
D1_154_building,107_0005_0144,6.249254451904451,2.8180813432169143,0.14001386202216198,30.49008692619785,221.1365197847152,-0.3337887910781213,-0.3821373108385259,-0.8617169596890304,-0.754898090878683,0.5645475315137962,-0.33378879107813747,0.6558402229061012,0.6510335457439937,-0.3821373108385444,0.0015730246524509606,-0.5073868415499371,-0.8617169596890721,6.2291715385852315,2.7948259700896947,0.1277813498306733
D1_154_building,107_0005_0145,-0.5624351040485631,-4.461936978582254,0.21084436924562464,30.55465828600227,222.0086846752168,-0.34021655976400095,-0.3777336117172434,-0.8611445935738057,-0.7465316221723718,0.5717894975939072,-0.340216559764153,0.6653427650762082,0.6439226067931818,-0.37773361171741227,0.00308902196954382,-0.5083507125034594,-0.8611445935741906,-0.5793322992532475,-4.486829523166868,0.2247833930084708
D1_154_building,107_0005_0146,10.658161260550607,-16.037207929865993,0.15593197392350663,30.402454844311478,221.43073513825829,-0.33487415599232934,-0.3794296659752841,-0.8624919873403518,-0.7526812742575417,0.5668599465747776,-0.33487415599243203,0.6583799255764718,0.650053076429962,-0.37942966597540045,0.0026024951360684233,-0.5060640263767601,-0.8624919873406163,10.637750301850419,-16.06153125216126,0.14675586536872748
D1_154_building,107_0005_0147,20.55716911298213,-25.669763667457037,0.21679901077253735,30.399735690402178,222.39110911975794,-0.3411591023875811,-0.37373334136264635,-0.8625160035686361,-0.7415442109169414,0.5776873290228765,-0.3411591023876893,0.6708989453130253,0.640482626408832,-0.37373334136276487,0.002605462181804136,-0.5060230776892681,-0.8625160035689096,20.5401156492941,-25.715614405793904,0.20269999569335728
D1_154_building,107_0005_0148,21.938228587420053,-26.794293782463274,0.12349372597738223,30.533989685157298,222.73431416238142,-0.34476217605686027,-0.3731665240317603,-0.8613279208887822,-0.7371202372365638,0.5811994475358833,-0.344762176056815,0.6757577764503492,0.6356871659142073,-0.37316652403171124,0.0022767130059499737,-0.5080443182199521,-0.8613279208886689,21.91818106252161,-26.824677567963654,0.11069083443900327
D1_154_building,107_0005_0149,33.26132161353953,-15.292323631970826,0.10366237236816722,30.547672218255833,221.8413158301961,-0.33904165364609756,-0.37864759125982583,-0.8612065714600949,-0.7489303130150612,0.5693453638515801,-0.33904165364604266,0.6626395375230241,0.6461693624314884,-0.3786475912597645,0.0034970785573891204,-0.5082430636173186,-0.8612065714599554,33.23900489772699,-15.322092577726718,0.10068006385405599
D1_154_building,107_0005_0150,43.004466980062546,-5.388406288035584,0.14516956470740222,30.54318592366689,221.55280462010504,-0.33708596453747736,-0.38029955353175626,-0.8612463655048916,-0.7520733036157529,0.5663557172841959,-0.33708596453740625,0.6590710504358062,0.6488432785054976,-0.38029955353167605,0.0033311359458658893,-0.5081767423230152,-0.86124636550471,42.98299655653461,-5.414825052931171,0.1476380756469065
D1_154_building,107_0005_0151,52.74302003078186,4.754474301852384,0.189029751870479,30.525498138247798,221.35121875372323,-0.33557018621146123,-0.3812835754189465,-0.8614032071229767,-0.7547611790175994,0.5636738531929714,-0.3355701862114862,0.6559894265625226,0.6513836867423045,-0.38128357541897484,0.0036653629401089166,-0.5079085349481633,-0.8614032071230407,52.72520442971282,4.727811932208511,0.19256563712560487
D1_154_building,107_0005_0152,62.54179456582056,14.82565214654083,0.1895315577949894,30.492521231875674,221.5711944983731,-0.33670253753109425,-0.3796214377651353,-0.8616954016410054,-0.7520082319229949,0.5666701159762867,-0.3367025375310248,0.6591446565397882,0.6491655303106522,-0.379621437765057,0.0034555571675734926,-0.5074141246712166,-0.8616954016408278,62.526309508406364,14.80829115965131,0.17146173519069197
D1_154_building,107_0005_0153,72.49139517670426,25.122389372871712,0.23287380520839676,30.46020038668174,221.95701262867638,-0.338926139679034,-0.3769840248617941,-0.8619815060900495,-0.7479749320783793,0.5706685314825319,-0.3389261396790103,0.6637159502858562,0.646037291753294,-0.37698402486176774,0.003826005522633424,-0.5069252852640675,-0.8619815060899892,72.48040863258464,25.09527674918631,0.20432427337188494
D1_154_building,107_0005_0154,82.21278531876875,35.310706155825756,0.2182211197504593,30.45116807735405,222.64807628760934,-0.34335624200839515,-0.3727688485913132,-0.8620614111499129,-0.7399294144135131,0.578455661878602,-0.3433562420084889,0.6726735761243465,0.639182012812753,-0.372768848591415,0.0038368828390597273,-0.5067893070462771,-0.8620614111501483,82.20143662107198,35.29345789523543,0.18915815885132664
