label,enabled,aligned,sensor_label,photo_path,estimated_x_or_lon,estimated_y_or_lat,estimated_z_or_h,reference_x_or_lon,reference_y_or_lat,reference_z_or_h
107_0005_0001,True,True,FC6310R (8.8mm),107_0005_0001.JPG,34.58359368480721,37.92220828133699,1300.760297138244,34.58359376,37.92220798,1300.786
107_0005_0002,True,True,FC6310R (8.8mm),107_0005_0002.JPG,34.58360011513688,37.92221780162118,1300.6979392031208,34.58360009,37.92221758,1300.728
107_0005_0003,True,True,FC6310R (8.8mm),107_0005_0003.JPG,34.58372047713701,37.92231860904331,1300.7428052350879,34.58372057,37.92231838,1300.749
107_0005_0004,True,True,FC6310R (8.8mm),107_0005_0004.JPG,34.58382889016275,37.922404617026956,1300.706545948051,34.58382905,37.92240450,1300.666
107_0005_0005,True,True,FC6310R (8.8mm),107_0005_0005.JPG,34.58393986484457,37.92249559494324,1300.7214935692027,34.58394005,37.92249551,1300.697
107_0005_0006,True,True,FC6310R (8.8mm),107_0005_0006.JPG,34.58404913093016,37.92258477558387,1300.716619043611,34.58404928,37.92258470,1300.692
107_0005_0007,True,True,FC6310R (8.8mm),107_0005_0007.JPG,34.584160072932775,37.92267485119202,1300.730730309151,34.58416019,37.92267483,1300.694
107_0005_0008,True,True,FC6310R (8.8mm),107_0005_0008.JPG,34.58427169545816,37.922764570790825,1300.7327322969213,34.58427190,37.92276469,1300.690
107_0005_0009,True,True,FC6310R (8.8mm),107_0005_0009.JPG,34.584363718624445,37.92283842839787,1300.643020751886,34.58436405,37.92283847,1300.594
107_0005_0010,True,True,FC6310R (8.8mm),107_0005_0010.JPG,34.58422730057988,37.922937071770995,1300.6965489415452,34.58422756,37.92293716,1300.687
107_0005_0011,True,True,FC6310R (8.8mm),107_0005_0011.JPG,34.58411487592199,37.923018899052046,1300.7439078083262,34.58411506,37.92301909,1300.741
107_0005_0012,True,True,FC6310R (8.8mm),107_0005_0012.JPG,34.58410121658599,37.923027408603325,1300.689788583666,34.58410145,37.92302750,1300.696
107_0005_0013,True,True,FC6310R (8.8mm),107_0005_0013.JPG,34.58397276826071,37.9229243308575,1300.6450803335756,34.58397291,37.92292432,1300.677
107_0005_0014,True,True,FC6310R (8.8mm),107_0005_0014.JPG,34.58386255579719,37.922836180523156,1300.674517433159,34.58386267,37.92283617,1300.664
107_0005_0015,True,True,FC6310R (8.8mm),107_0005_0015.JPG,34.58375276972281,37.92274692018139,1300.7421098379418,34.58375294,37.92274691,1300.748
107_0005_0016,True,True,FC6310R (8.8mm),107_0005_0016.JPG,34.583641709654806,37.92265813076613,1300.7047042967752,34.58364185,37.92265804,1300.748
107_0005_0017,True,True,FC6310R (8.8mm),107_0005_0017.JPG,34.583531563392675,37.922568802501864,1300.6691933283582,34.58353165,37.92256866,1300.681
107_0005_0018,True,True,FC6310R (8.8mm),107_0005_0018.JPG,34.58341962187604,37.92247821466282,1300.7405163496733,34.58341963,37.92247805,1300.774
107_0005_0019,True,True,FC6310R (8.8mm),107_0005_0019.JPG,34.58333809500222,37.92241504454535,1300.6620018277317,34.58333803,37.92241477,1300.705
107_0005_0020,True,True,FC6310R (8.8mm),107_0005_0020.JPG,34.583204888844634,37.92251203423995,1300.6314396588132,34.58320476,37.92251178,1300.682
107_0005_0021,True,True,FC6310R (8.8mm),107_0005_0021.JPG,34.58309572955184,37.922595343620934,1300.6780501417816,34.58309564,37.92259528,1300.703
107_0005_0022,True,True,FC6310R (8.8mm),107_0005_0022.JPG,34.58308123828171,37.92260461029053,1300.672221888788,34.58308084,37.92260450,1300.684
107_0005_0023,True,True,FC6310R (8.8mm),107_0005_0023.JPG,34.583206503206725,37.92271008513948,1300.6814687764272,34.58320626,37.92271002,1300.707
107_0005_0024,True,True,FC6310R (8.8mm),107_0005_0024.JPG,34.58331682371608,37.922798537818224,1300.6235472587869,34.58331664,37.92279860,1300.619
107_0005_0025,True,True,FC6310R (8.8mm),107_0005_0025.JPG,34.58342568255107,37.92288702010151,1300.6549577238038,34.58342571,37.92288712,1300.660
107_0005_0026,True,True,FC6310R (8.8mm),107_0005_0026.JPG,34.583538597640725,37.922978588694185,1300.6733250105754,34.58353854,37.92297871,1300.660
107_0005_0027,True,True,FC6310R (8.8mm),107_0005_0027.JPG,34.583648602052975,37.92306871022723,1300.7265339074656,34.58364861,37.92306882,1300.710
107_0005_0028,True,True,FC6310R (8.8mm),107_0005_0028.JPG,34.58375916466342,37.923157441442356,1300.759002899751,34.58375924,37.92315765,1300.755
107_0005_0029,True,True,FC6310R (8.8mm),107_0005_0029.JPG,34.58383202778871,37.92321815155374,1300.7213823664933,34.58383225,37.92321836,1300.720
107_0005_0030,True,True,FC6310R (8.8mm),107_0005_0030.JPG,34.58390074500915,37.92308393637055,1301.1990849170834,34.58390077,37.92308396,1301.189
107_0005_0031,True,True,FC6310R (8.8mm),107_0005_0031.JPG,34.583960369455994,37.922971324914386,1301.7125707156956,34.58396028,37.92297144,1301.676
107_0005_0032,True,True,FC6310R (8.8mm),107_0005_0032.JPG,34.58397034552319,37.922955910520784,1301.767947533168,34.58397023,37.92295623,1301.798
107_0005_0033,True,True,FC6310R (8.8mm),107_0005_0033.JPG,34.584103560010185,37.92284919169168,1301.752927669324,34.58410346,37.92284955,1301.759
107_0005_0034,True,True,FC6310R (8.8mm),107_0005_0034.JPG,34.584216862428796,37.922761754952525,1301.764560890384,34.58421681,37.92276209,1301.789
107_0005_0035,True,True,FC6310R (8.8mm),107_0005_0035.JPG,34.58433110875847,37.92267328311884,1301.760813162662,34.58433105,37.92267363,1301.776
107_0005_0036,True,True,FC6310R (8.8mm),107_0005_0036.JPG,34.58444617302973,37.92258585499672,1301.7558519626036,34.58444624,37.92258616,1301.778
107_0005_0037,True,True,FC6310R (8.8mm),107_0005_0037.JPG,34.58456133146504,37.92249722812469,1301.7145938249305,34.58456143,37.92249749,1301.728
107_0005_0038,True,True,FC6310R (8.8mm),107_0005_0038.JPG,34.58466989806548,37.92241376319875,1301.7144124098122,34.58466998,37.92241398,1301.709
107_0005_0039,True,True,FC6310R (8.8mm),107_0005_0039.JPG,34.58466691609183,37.922415978685045,1301.6205173451453,34.58466731,37.92241621,1301.625
107_0005_0040,True,True,FC6310R (8.8mm),107_0005_0040.JPG,34.58454404797574,37.92230866132913,1301.5488465921953,34.58454429,37.92230878,1301.576
107_0005_0041,True,True,FC6310R (8.8mm),107_0005_0041.JPG,34.584434760218286,37.922217924128624,1301.4959731316194,34.58443484,37.92221807,1301.514
107_0005_0042,True,True,FC6310R (8.8mm),107_0005_0042.JPG,34.58442123441099,37.92220688873528,1301.5409762561321,34.58442122,37.92220696,1301.559
107_0005_0043,True,True,FC6310R (8.8mm),107_0005_0043.JPG,34.584287816655795,37.922307784958186,1301.6975663499907,34.58428777,37.92230792,1301.711
107_0005_0044,True,True,FC6310R (8.8mm),107_0005_0044.JPG,34.58417323138054,37.92239530932817,1301.6957355411723,34.58417304,37.92239547,1301.730
107_0005_0045,True,True,FC6310R (8.8mm),107_0005_0045.JPG,34.58405798538761,37.92248430563981,1301.7146370233968,34.58405779,37.92248448,1301.729
107_0005_0046,True,True,FC6310R (8.8mm),107_0005_0046.JPG,34.5839432935402,37.922573273495054,1301.724409751594,34.58394304,37.92257353,1301.733
107_0005_0047,True,True,FC6310R (8.8mm),107_0005_0047.JPG,34.58382864192031,37.92266094628088,1301.703689753078,34.58382834,37.92266118,1301.724
107_0005_0048,True,True,FC6310R (8.8mm),107_0005_0048.JPG,34.58371579887813,37.92274775492362,1301.7024028543383,34.58371561,37.92274800,1301.734
107_0005_0049,True,True,FC6310R (8.8mm),107_0005_0049.JPG,34.583710289423934,37.92275183695871,1301.6800924902782,34.58371014,37.92275212,1301.723
107_0005_0050,True,True,FC6310R (8.8mm),107_0005_0050.JPG,34.58357496808526,37.922652177112276,1301.594010302797,34.58357459,37.92265242,1301.641
107_0005_0051,True,True,FC6310R (8.8mm),107_0005_0051.JPG,34.58346181331119,37.92256614331811,1301.5105499131605,34.58346136,37.92256647,1301.547
107_0005_0052,True,True,FC6310R (8.8mm),107_0005_0052.JPG,34.583448579898025,37.92255666837061,1301.6220307620242,34.58344805,37.92255698,1301.678
107_0005_0053,True,True,FC6310R (8.8mm),107_0005_0053.JPG,34.583581622481624,37.92245294575385,1301.739964301698,34.58358110,37.92245312,1301.774
107_0005_0054,True,True,FC6310R (8.8mm),107_0005_0054.JPG,34.58369451395313,37.92236681649378,1301.770679245703,34.58369415,37.92236702,1301.801
107_0005_0055,True,True,FC6310R (8.8mm),107_0005_0055.JPG,34.58380980121102,37.92227889713847,1301.7350816410035,34.58380946,37.92227903,1301.758
107_0005_0056,True,True,FC6310R (8.8mm),107_0005_0056.JPG,34.58392275099035,37.922189843043334,1301.7529379194602,34.58392242,37.92218990,1301.787
107_0005_0057,True,True,FC6310R (8.8mm),107_0005_0057.JPG,34.58403882776739,37.92210173517464,1301.7403477644548,34.58403861,37.92210175,1301.770
107_0005_0058,True,True,FC6310R (8.8mm),107_0005_0058.JPG,34.58415311093002,37.92201408821666,1301.7058219565079,34.58415301,37.92201383,1301.754
107_0005_0059,True,True,FC6310R (8.8mm),107_0005_0059.JPG,34.5841657638762,37.922003339385135,1301.5771265784279,34.58416554,37.92200318,1301.608
107_0005_0060,True,True,FC6310R (8.8mm),107_0005_0060.JPG,34.584127026929494,37.922142155642106,1301.6218826603144,34.58412692,37.92214220,1301.633
107_0005_0061,True,True,FC6310R (8.8mm),107_0005_0061.JPG,34.58408975826079,37.92226278853515,1301.6187558546662,34.58408985,37.92226290,1301.666
107_0005_0062,True,True,FC6310R (8.8mm),107_0005_0062.JPG,34.58405092964782,37.92238630056152,1301.6509337192401,34.58405110,37.92238651,1301.660
107_0005_0063,True,True,FC6310R (8.8mm),107_0005_0063.JPG,34.58401425038243,37.92250919759346,1301.6925974683836,34.58401458,37.92250935,1301.662
107_0005_0064,True,True,FC6310R (8.8mm),107_0005_0064.JPG,34.583987134269,37.922597391187686,1301.6009155130014,34.58398765,37.92259761,1301.584
107_0005_0065,True,True,FC6310R (8.8mm),107_0005_0065.JPG,34.58385387616075,37.92249502230435,1301.6601047310978,34.58385428,37.92249524,1301.634
107_0005_0066,True,True,FC6310R (8.8mm),107_0005_0066.JPG,34.58374461281931,37.922405500234625,1301.803474531509,34.58374494,37.92240559,1301.771
107_0005_0067,True,True,FC6310R (8.8mm),107_0005_0067.JPG,34.58363245071369,37.922314732858894,1301.7279840409756,34.58363269,37.92231480,1301.661
107_0005_0068,True,True,FC6310R (8.8mm),107_0005_0068.JPG,34.58352125205514,37.92222401234234,1301.78944056388,34.58352154,37.92222394,1301.762
107_0005_0069,True,True,FC6310R (8.8mm),107_0005_0069.JPG,34.58340956278168,37.922132746507486,1301.7523666415364,34.58340984,37.92213275,1301.718
107_0005_0070,True,True,FC6310R (8.8mm),107_0005_0070.JPG,34.58329710638832,37.92204131369708,1301.760113041848,34.58329732,37.92204121,1301.707
107_0005_0071,True,True,FC6310R (8.8mm),107_0005_0071.JPG,34.583211647840685,37.92197364209323,1301.7127193575725,34.58321183,37.92197355,1301.658
107_0005_0072,True,True,FC6310R (8.8mm),107_0005_0072.JPG,34.583074798058675,37.922072038389445,1301.7339496072382,34.58307493,37.92207207,1301.686
107_0005_0073,True,True,FC6310R (8.8mm),107_0005_0073.JPG,34.582962288019814,37.92215671517389,1301.7833053395152,34.58296255,37.92215683,1301.730
107_0005_0074,True,True,FC6310R (8.8mm),107_0005_0074.JPG,34.58294909563758,37.92216680455631,1301.7185209542513,34.58294913,37.92216699,1301.673
107_0005_0075,True,True,FC6310R (8.8mm),107_0005_0075.JPG,34.58307691370286,37.92227360554063,1301.7939764522016,34.58307700,37.92227379,1301.744
107_0005_0076,True,True,FC6310R (8.8mm),107_0005_0076.JPG,34.583187157231485,37.92236259205995,1301.7550834771246,34.58318732,37.92236287,1301.701
107_0005_0077,True,True,FC6310R (8.8mm),107_0005_0077.JPG,34.583299296600664,37.92245334800584,1301.7045613806695,34.58329935,37.92245352,1301.691
107_0005_0078,True,True,FC6310R (8.8mm),107_0005_0078.JPG,34.583412280676185,37.922543939579484,1301.6711798133329,34.58341244,37.92254412,1301.669
107_0005_0079,True,True,FC6310R (8.8mm),107_0005_0079.JPG,34.583523568432426,37.92263507542509,1301.656653093174,34.58352378,37.92263528,1301.637
107_0005_0080,True,True,FC6310R (8.8mm),107_0005_0080.JPG,34.58363460471682,37.92272587465246,1301.702525661327,34.58363491,37.92272616,1301.673
107_0005_0081,True,True,FC6310R (8.8mm),107_0005_0081.JPG,34.58371434642121,37.92278958370505,1301.7460665898398,34.58371456,37.92278982,1301.754
107_0005_0082,True,True,FC6310R (8.8mm),107_0005_0082.JPG,34.583578658230806,37.92288932019914,1301.648778224364,34.58357885,37.92288960,1301.651
107_0005_0083,True,True,FC6310R (8.8mm),107_0005_0083.JPG,34.583462925556866,37.9229719226725,1301.702841336839,34.58346312,37.92297236,1301.677
107_0005_0084,True,True,FC6310R (8.8mm),107_0005_0084.JPG,34.58344887887079,37.922980554000155,1301.7559650838375,34.58344910,37.92298096,1301.733
107_0005_0085,True,True,FC6310R (8.8mm),107_0005_0085.JPG,34.58331722349794,37.922876266420516,1301.7155342912301,34.58331740,37.92287659,1301.721
107_0005_0086,True,True,FC6310R (8.8mm),107_0005_0086.JPG,34.583206283594954,37.922786612260595,1301.7587810354307,34.58320640,37.92278694,1301.763
107_0005_0087,True,True,FC6310R (8.8mm),107_0005_0087.JPG,34.58309440070735,37.92269597444806,1301.751536572352,34.58309448,37.92269630,1301.760
107_0005_0088,True,True,FC6310R (8.8mm),107_0005_0088.JPG,34.582982493623874,37.92260557971096,1301.7186974212527,34.58298254,37.92260588,1301.719
107_0005_0089,True,True,FC6310R (8.8mm),107_0005_0089.JPG,34.58287071731659,37.92251546717976,1301.7152658998966,34.58287059,37.92251563,1301.743
107_0005_0090,True,True,FC6310R (8.8mm),107_0005_0090.JPG,34.58275892069413,37.922424622268665,1301.6488107778132,34.58275880,37.92242484,1301.685
107_0005_0091,True,True,FC6310R (8.8mm),107_0005_0091.JPG,34.582689998936694,37.92237114885594,1301.743781290017,34.58268976,37.92237147,1301.671
107_0005_0092,True,True,FC6310R (8.8mm),107_0005_0092.JPG,34.582870391569564,37.92240179222971,1301.823802205734,34.58287038,37.92240194,1301.766
107_0005_0093,True,True,FC6310R (8.8mm),107_0005_0093.JPG,34.58302401185358,37.92243316351481,1301.8345928881317,34.58302410,37.92243324,1301.759
107_0005_0094,True,True,FC6310R (8.8mm),107_0005_0094.JPG,34.583179688464625,37.92246385009825,1301.8359721377492,34.58317985,37.92246380,1301.757
107_0005_0095,True,True,FC6310R (8.8mm),107_0005_0095.JPG,34.58333383010574,37.922493232324776,1301.7694328837097,34.58333397,37.92249293,1301.762
107_0005_0096,True,True,FC6310R (8.8mm),107_0005_0096.JPG,34.583448739124734,37.922517890736295,1301.6780954468995,34.58344885,37.92251748,1301.686
107_0005_0097,True,True,FC6310R (8.8mm),107_0005_0097.JPG,34.58331796667314,37.92261893430629,1301.6211979612708,34.58331803,37.92261858,1301.635
107_0005_0098,True,True,FC6310R (8.8mm),107_0005_0098.JPG,34.583204710625935,37.9227058898066,1301.6356334155425,34.58320472,37.92270560,1301.651
107_0005_0099,True,True,FC6310R (8.8mm),107_0005_0099.JPG,34.58309041937919,37.92279446260288,1301.682343880646,34.58309045,37.92279420,1301.679
107_0005_0100,True,True,FC6310R (8.8mm),107_0005_0100.JPG,34.58297425763978,37.922882416651596,1301.7479169201106,34.58297408,37.92288224,1301.775
107_0005_0101,True,True,FC6310R (8.8mm),107_0005_0101.JPG,34.582859375485725,37.922970939617386,1301.6752277612686,34.58285922,37.92297078,1301.713
107_0005_0102,True,True,FC6310R (8.8mm),107_0005_0102.JPG,34.58274615712736,37.92305849799097,1301.6303286617622,34.58274596,37.92305849,1301.661
107_0005_0103,True,True,FC6310R (8.8mm),107_0005_0103.JPG,34.58272938436424,37.923071666557604,1301.599980359897,34.58272895,37.92307157,1301.627
107_0005_0104,True,True,FC6310R (8.8mm),107_0005_0104.JPG,34.58285856164421,37.92317398299794,1301.6679491931573,34.58285835,37.92317391,1301.704
107_0005_0105,True,True,FC6310R (8.8mm),107_0005_0105.JPG,34.58297313258604,37.92325922460431,1301.7027135724202,34.58297299,37.92325906,1301.721
107_0005_0106,True,True,FC6310R (8.8mm),107_0005_0106.JPG,34.58298578131906,37.92326792279348,1301.6284931432456,34.58298578,37.92326791,1301.649
107_0005_0107,True,True,FC6310R (8.8mm),107_0005_0107.JPG,34.58312225777195,37.923167688288096,1301.6755732456222,34.58312223,37.92316764,1301.670
107_0005_0108,True,True,FC6310R (8.8mm),107_0005_0108.JPG,34.58323688568536,37.92307987500308,1301.7138184374198,34.58323696,37.92307978,1301.715
107_0005_0109,True,True,FC6310R (8.8mm),107_0005_0109.JPG,34.58335207059672,37.92299116919659,1301.6692654481158,34.58335230,37.92299103,1301.656
107_0005_0110,True,True,FC6310R (8.8mm),107_0005_0110.JPG,34.58346630544657,37.92290320106423,1301.6886814739555,34.58346649,37.92290299,1301.661
107_0005_0111,True,True,FC6310R (8.8mm),107_0005_0111.JPG,34.583581287884336,37.92281526822644,1301.6795568717644,34.58358149,37.92281502,1301.657
107_0005_0112,True,True,FC6310R (8.8mm),107_0005_0112.JPG,34.58369341376289,37.922729183770834,1301.7407349068671,34.58369354,37.92272890,1301.725
107_0005_0113,True,True,FC6310R (8.8mm),107_0005_0113.JPG,34.583697710938615,37.9227268837062,1301.703614843078,34.58369794,37.92272665,1301.683
107_0005_0114,True,True,FC6310R (8.8mm),107_0005_0114.JPG,34.583829058200436,37.9228300392335,1301.7243759296834,34.58382934,37.92282977,1301.702
107_0005_0115,True,True,FC6310R (8.8mm),107_0005_0115.JPG,34.5839379030862,37.92291894429091,1301.7621038407087,34.58393836,37.92291865,1301.733
107_0005_0116,True,True,FC6310R (8.8mm),107_0005_0116.JPG,34.583949086370986,37.922928290293065,1301.8092400413007,34.58394949,37.92292801,1301.775
107_0005_0117,True,True,FC6310R (8.8mm),107_0005_0117.JPG,34.58381883053785,37.92303220043385,1301.7113438472152,34.58381913,37.92303198,1301.707
107_0005_0118,True,True,FC6310R (8.8mm),107_0005_0118.JPG,34.58370643393029,37.92311856939383,1301.7113840999082,34.58370667,37.92311844,1301.686
107_0005_0119,True,True,FC6310R (8.8mm),107_0005_0119.JPG,34.58358971983176,37.923207078837194,1301.7205929374322,34.58358993,37.92320692,1301.722
107_0005_0120,True,True,FC6310R (8.8mm),107_0005_0120.JPG,34.58347473208079,37.92329542358575,1301.648889039643,34.58347486,37.92329525,1301.656
107_0005_0121,True,True,FC6310R (8.8mm),107_0005_0121.JPG,34.58336018669973,37.92338448477614,1301.6356198824942,34.58336032,37.92338438,1301.646
107_0005_0122,True,True,FC6310R (8.8mm),107_0005_0122.JPG,34.58325002941684,37.92346949502869,1301.676233923994,34.58325029,37.92346948,1301.678
107_0005_0123,True,True,FC6310R (8.8mm),107_0005_0123.JPG,34.58325153926171,37.92346746508115,1301.7085983380675,34.58325172,37.92346747,1301.697
107_0005_0124,True,True,FC6310R (8.8mm),107_0005_0124.JPG,34.5832890912251,37.923324647730645,1301.7137631382793,34.58328906,37.92332453,1301.738
107_0005_0125,True,True,FC6310R (8.8mm),107_0005_0125.JPG,34.58332300102063,37.92320158226491,1301.7598190791905,34.58332291,37.92320145,1301.774
107_0005_0126,True,True,FC6310R (8.8mm),107_0005_0126.JPG,34.58335747988938,37.92307655262182,1301.704362956807,34.58335730,37.92307641,1301.706
107_0005_0127,True,True,FC6310R (8.8mm),107_0005_0127.JPG,34.58339175411181,37.92295335701988,1301.6520248800516,34.58339152,37.92295321,1301.646
107_0005_0128,True,True,FC6310R (8.8mm),107_0005_0128.JPG,34.583412512975464,37.92288768545427,1301.640522508882,34.58341212,37.92288751,1301.656
107_0005_0129,True,True,FC6310R (8.8mm),107_0005_0129.JPG,34.58353943001411,37.92298749736273,1301.7204720387235,34.58353910,37.92298740,1301.713
107_0005_0130,True,True,FC6310R (8.8mm),107_0005_0130.JPG,34.58364913553934,37.92307607725777,1301.7657958483323,34.58364872,37.92307594,1301.745
107_0005_0131,True,True,FC6310R (8.8mm),107_0005_0131.JPG,34.58376160034308,37.92316774841658,1301.7559074945748,34.58376131,37.92316766,1301.730
107_0005_0132,True,True,FC6310R (8.8mm),107_0005_0132.JPG,34.58387404696122,37.92325889625461,1301.758797807619,34.58387371,37.92325882,1301.737
107_0005_0133,True,True,FC6310R (8.8mm),107_0005_0133.JPG,34.583986649646434,37.92334948874859,1301.739111693576,34.58398638,37.92334941,1301.734
107_0005_0134,True,True,FC6310R (8.8mm),107_0005_0134.JPG,34.584099014087194,37.92344095999889,1301.7431527338922,34.58409881,37.92344099,1301.703
107_0005_0135,True,True,FC6310R (8.8mm),107_0005_0135.JPG,34.58416973547193,37.92349713666309,1301.7730500241742,34.58416960,37.92349719,1301.737
107_0005_0136,True,True,FC6310R (8.8mm),107_0005_0136.JPG,34.58430937059,37.92340185653392,1301.6389324022457,34.58430928,37.92340180,1301.623
107_0005_0137,True,True,FC6310R (8.8mm),107_0005_0137.JPG,34.58442907052429,37.92331789541896,1301.7010259665549,34.58442895,37.92331767,1301.699
107_0005_0138,True,True,FC6310R (8.8mm),107_0005_0138.JPG,34.58443951261617,37.92330871984302,1301.7273350926116,34.58443944,37.92330856,1301.695
107_0005_0139,True,True,FC6310R (8.8mm),107_0005_0139.JPG,34.58431139632171,37.92320164975097,1301.7111964495853,34.58431129,37.92320148,1301.698
107_0005_0140,True,True,FC6310R (8.8mm),107_0005_0140.JPG,34.58419969399916,37.923112474134975,1301.6590714808553,34.58419961,37.92311230,1301.627
107_0005_0141,True,True,FC6310R (8.8mm),107_0005_0141.JPG,34.58408663642687,37.923020947284634,1301.6247324133292,34.58408649,37.92302079,1301.609
107_0005_0142,True,True,FC6310R (8.8mm),107_0005_0142.JPG,34.58397547801586,37.922929659741264,1301.6798600489274,34.58397531,37.92292944,1301.647
107_0005_0143,True,True,FC6310R (8.8mm),107_0005_0143.JPG,34.5838637170181,37.922839988852445,1301.7286659525707,34.58386352,37.92283977,1301.724
107_0005_0144,True,True,FC6310R (8.8mm),107_0005_0144.JPG,34.58375335840205,37.9227520494635,1301.6482293987647,34.58375313,37.92275184,1301.636
107_0005_0145,True,True,FC6310R (8.8mm),107_0005_0145.JPG,34.583675902087776,37.92268647425788,1301.7190628536046,34.58367571,37.92268625,1301.733
107_0005_0146,True,True,FC6310R (8.8mm),107_0005_0146.JPG,34.58380349210588,37.92258220914547,1301.6641747765243,34.58380326,37.92258199,1301.655
107_0005_0147,True,True,FC6310R (8.8mm),107_0005_0147.JPG,34.58391605394196,37.922495443014206,1301.7250948706642,34.58391586,37.92249503,1301.711
107_0005_0148,True,True,FC6310R (8.8mm),107_0005_0148.JPG,34.583931757983315,37.92248531371642,1301.6318036783487,34.58393153,37.92248504,1301.619
107_0005_0149,True,True,FC6310R (8.8mm),107_0005_0149.JPG,34.584060513773636,37.92258891815096,1301.6119803152978,34.58406026,37.92258865,1301.609
107_0005_0150,True,True,FC6310R (8.8mm),107_0005_0150.JPG,34.584171304133136,37.922678127964595,1301.6535278679803,34.58417106,37.92267789,1301.656
107_0005_0151,True,True,FC6310R (8.8mm),107_0005_0151.JPG,34.584282042644816,37.9227694901431,1301.697460917756,34.58428184,37.92276925,1301.701
107_0005_0152,True,True,FC6310R (8.8mm),107_0005_0152.JPG,34.58439346606651,37.9228602063648,1301.6980659654364,34.58439329,37.92286005,1301.680
107_0005_0153,True,True,FC6310R (8.8mm),107_0005_0153.JPG,34.58450660495602,37.92295295423878,1301.7415478751063,34.58450648,37.92295271,1301.713
107_0005_0154,True,True,FC6310R (8.8mm),107_0005_0154.JPG,34.58461714901914,37.9230447254151,1301.727061090991,34.58461702,37.92304457,1301.698
