index,target,image,x,y,projected_x,projected_y,offset_px,saddle_strength,accepted,residual_px
1,1,107_0005_0004,250.259,616.954,249.3,620.23,3.42,707.1,True,0.77
2,1,107_0005_0005,247.394,1319.332,245.94,1322.43,3.42,581.9,True,0.29
3,1,107_0005_0006,225.633,2082.179,223.97,2085.52,3.73,505.5,True,0.41
4,1,107_0005_0007,192.868,2789.529,191.36,2792.72,3.53,414.7,True,0.2
5,1,107_0005_0008,150.32,3509.426,148.01,3512.95,4.22,363.0,True,0.81
6,1,107_0005_0013,1802.925,3256.362,1801.77,3260.29,4.09,396.8,True,0.94
7,1,107_0005_0014,1858.172,2548.923,1857.29,2552.46,3.64,434.1,True,0.75
8,1,107_0005_0015,1894.538,1819.998,1892.99,1823.31,3.66,577.1,True,0.45
9,1,107_0005_0016,1937.799,1073.758,1936.45,1076.69,3.23,786.0,True,0.12
10,1,107_0005_0017,1986.226,316.409,1985.01,319.49,3.31,1203.4,True,0.4
11,1,107_0005_0024,3648.724,667.253,3648.06,670.1,2.92,1008.8,True,0.48
12,1,107_0005_0025,3615.649,1409.892,3615.03,1412.91,3.08,668.1,True,0.58
13,1,107_0005_0026,3566.779,2164.139,3565.68,2167.41,3.45,536.1,True,0.36
14,1,107_0005_0027,3531.532,2879.734,3530.51,2883.24,3.65,446.7,True,0.54
15,1,107_0005_0030,4614.055,1623.068,4618.14,1624.67,4.39,277.9,True,1.13
16,1,107_0005_0032,992.349,3130.152,989.45,3128.77,3.22,290.0,True,0.08
17,1,107_0005_0033,1190.337,2309.636,1187.88,2308.54,2.69,514.2,True,0.2
18,1,107_0005_0034,1328.562,1733.019,1326.39,1731.75,2.52,652.8,True,0.28
19,1,107_0005_0035,1496.515,1218.085,1494.73,1217.16,2.01,798.8,True,0.42
20,1,107_0005_0036,1594.0,791.0,1587.98,797.14,8.59,345.8,False,
21,1,107_0005_0037,1697.0,417.0,1715.89,422.73,19.74,90.2,False,
22,1,107_0005_0038,1750.0,162.0,1794.55,116.78,63.48,18.0,False,
23,1,107_0005_0039,1802.982,148.163,1847.12,105.97,61.06,24.7,False,
24,1,107_0005_0040,2249.314,64.166,2295.62,112.69,67.07,22.6,False,
25,1,107_0005_0041,2810.622,86.345,2793.11,125.79,43.16,63.5,False,
26,1,107_0005_0042,2887.447,101.515,2859.91,136.07,44.19,66.6,False,
27,1,107_0005_0043,2917.078,522.32,2890.4,516.85,27.23,192.6,False,
28,1,107_0005_0044,2876.448,891.728,2874.78,890.75,1.94,1419.8,True,0.43
29,1,107_0005_0045,2811.469,1329.635,2809.83,1328.3,2.11,971.9,True,0.69
30,1,107_0005_0046,2782.736,1841.61,2780.76,1840.48,2.27,839.8,True,0.5
31,1,107_0005_0047,2746.638,2445.57,2744.58,2444.23,2.46,692.0,True,0.63
32,1,107_0005_0048,2705.176,3162.321,2702.83,3160.59,2.91,532.7,True,0.65
33,1,107_0005_0049,2677.729,3206.486,2675.38,3205.05,2.75,497.5,True,0.67
34,1,107_0005_0050,3584.812,3299.256,3582.75,3297.54,2.68,937.4,True,1.0
35,1,107_0005_0051,4366.549,3380.746,4364.57,3379.4,2.39,1212.4,True,1.13
36,1,107_0005_0052,4462.893,3419.276,4461.12,3417.64,2.41,1078.3,True,1.33
37,1,107_0005_0053,4296.345,2511.087,4294.58,2509.84,2.16,1675.1,True,0.99
38,1,107_0005_0054,4158.911,1887.985,4157.77,1887.1,1.45,2052.5,True,1.4
39,1,107_0005_0055,4099.781,1386.609,4098.32,1385.82,1.66,2501.0,True,0.9
40,1,107_0005_0056,4033.707,948.593,4032.35,947.75,1.59,2197.6,True,0.81
41,1,107_0005_0057,3978.831,581.363,3995.44,576.97,17.18,194.5,False,
42,1,107_0005_0058,3895.081,194.143,3903.37,236.87,43.52,153.9,False,
43,1,107_0005_0059,4003.684,174.122,3979.55,220.59,52.36,17.6,False,
44,1,107_0005_0060,3053.427,417.239,3100.1,417.85,46.68,208.0,False,
45,1,107_0005_0061,2020.504,827.96,2003.54,787.69,43.7,513.1,False,
46,1,107_0005_0062,1076.362,1518.446,1073.86,1519.17,2.6,1577.8,True,0.29
47,1,107_0005_0063,409.579,2659.552,406.42,2661.52,3.72,757.3,True,0.12
48,1,107_0005_0065,496.114,3140.775,493.2,3143.75,4.16,795.6,True,0.41
49,1,107_0005_0066,750.504,2423.284,748.45,2425.54,3.05,1491.2,True,0.13
50,1,107_0005_0067,933.496,1835.186,931.51,1837.4,2.98,2270.2,True,0.33
51,1,107_0005_0068,1106.446,1330.205,1105.2,1331.89,2.09,3540.3,True,0.42
52,1,107_0005_0069,1270.714,892.202,1269.07,893.54,2.12,3775.0,True,0.19
53,1,107_0005_0070,1384.58,520.227,1384.13,520.78,0.71,3503.5,True,1.01
54,1,107_0005_0071,1468.382,271.801,1467.32,272.26,1.15,2965.1,True,0.5
55,1,107_0005_0072,1930.9,282.325,1930.04,282.25,0.87,4034.3,True,1.04
56,1,107_0005_0073,2423.107,286.107,2422.89,286.82,0.74,4014.7,True,0.69
57,1,107_0005_0074,2594.608,284.45,2594.45,284.86,0.44,4138.3,True,0.89
58,1,107_0005_0075,2427.151,688.702,2426.48,690.1,1.55,4723.4,True,0.33
59,1,107_0005_0076,2424.575,1077.967,2423.88,1079.63,1.8,4234.1,True,0.41
60,1,107_0005_0077,2411.985,1541.671,2410.73,1543.15,1.94,2848.3,True,0.25
61,1,107_0005_0078,2346.141,2092.163,2345.06,2094.41,2.49,2040.5,True,0.23
62,1,107_0005_0079,2282.055,2745.007,2280.88,2747.47,2.72,1111.0,True,0.32
63,1,107_0005_0080,2202.862,3538.054,2201.28,3541.65,3.93,631.0,True,0.24
64,1,107_0005_0085,3961.57,3167.91,3961.14,3170.56,2.69,772.9,True,0.41
65,1,107_0005_0086,3867.678,2441.44,3867.62,2443.68,2.24,1321.9,True,0.56
66,1,107_0005_0087,3815.214,1851.68,3814.86,1853.76,2.11,2242.7,True,0.3
67,1,107_0005_0088,3740.757,1335.807,3741.13,1337.64,1.87,2961.7,True,0.97
68,1,107_0005_0089,3710.435,905.523,3710.48,907.0,1.48,3904.3,True,0.62
69,1,107_0005_0090,3639.995,525.008,3640.08,526.46,1.45,3934.8,True,0.71
70,1,107_0005_0091,3622.664,323.798,3623.22,325.34,1.65,3717.6,True,1.21
71,1,107_0005_0092,2722.488,595.198,2722.62,596.38,1.19,4049.4,True,0.55
72,1,107_0005_0093,1702.908,1080.656,1703.49,1082.74,2.16,4959.9,True,0.9
73,1,107_0005_0094,894.619,1915.361,895.1,1917.53,2.22,3347.8,True,0.25
74,1,107_0005_0095,405.344,3113.435,405.63,3115.95,2.53,1446.5,True,0.8
75,1,107_0005_0098,944.651,2837.742,946.91,2839.28,2.73,1424.2,True,0.37
76,1,107_0005_0099,1131.675,2182.854,1133.85,2184.09,2.51,1537.4,True,0.37
77,1,107_0005_0100,1299.333,1619.42,1301.71,1620.62,2.66,1703.4,True,0.63
78,1,107_0005_0101,1435.056,1149.574,1437.69,1150.73,2.87,2030.4,True,0.97
79,1,107_0005_0102,1545.36,751.361,1547.37,751.98,2.1,1736.6,True,0.32
80,1,107_0005_0103,1469.118,724.821,1470.82,725.81,1.97,1820.8,True,0.68
81,1,107_0005_0104,2167.49,722.805,2170.11,723.88,2.83,1683.6,True,0.99
82,1,107_0005_0105,2709.667,762.119,2712.49,762.88,2.92,1494.1,True,0.87
83,1,107_0005_0106,2625.462,770.976,2628.32,771.52,2.91,1422.0,True,0.82
84,1,107_0005_0107,2696.227,1254.197,2698.83,1254.52,2.63,1339.2,True,0.41
85,1,107_0005_0108,2656.057,1746.092,2658.77,1747.07,2.88,937.9,True,0.44
86,1,107_0005_0109,2633.06,2330.764,2635.9,2331.79,3.03,868.7,True,0.26
87,1,107_0005_0110,2605.589,3026.336,2608.72,3027.75,3.44,641.0,True,0.33
88,1,107_0005_0118,4299.627,3048.152,4304.47,3050.15,5.24,353.0,False,
89,1,107_0005_0119,4166.02,2324.97,4169.75,2326.16,3.92,593.0,True,0.78
90,1,107_0005_0120,4033.448,1724.576,4037.02,1725.43,3.67,820.3,True,0.87
91,1,107_0005_0121,3967.244,1242.172,3970.75,1242.81,3.57,1019.1,True,1.02
92,1,107_0005_0122,3914.41,849.3,3918.3,849.91,3.94,1123.5,False,
93,1,107_0005_0123,3823.532,821.416,3826.89,822.27,3.46,1247.3,True,1.17
94,1,107_0005_0124,3076.433,1125.894,3079.58,1125.77,3.15,1107.1,True,0.78
95,1,107_0005_0125,2250.467,1576.645,2253.08,1576.36,2.63,983.7,True,0.18
96,1,107_0005_0126,1603.123,2370.995,1606.33,2369.94,3.37,953.4,True,0.55
97,1,107_0005_0127,1379.889,3459.861,1382.93,3458.3,3.42,695.1,True,1.04
98,1,107_0005_0129,1698.996,3401.45,1701.13,3398.6,3.56,486.8,True,0.77
99,1,107_0005_0130,1836.793,2639.105,1838.6,2636.58,3.1,477.6,True,0.5
100,1,107_0005_0131,1913.426,2012.91,1914.94,2011.04,2.41,404.6,True,0.67
101,1,107_0005_0132,2034.659,1467.94,2036.03,1466.14,2.27,407.8,True,0.4
102,1,107_0005_0133,2124.742,1024.142,2131.09,1014.25,11.75,574.6,False,
103,1,107_0005_0134,2200.757,633.653,2206.87,625.81,9.95,639.4,False,
104,1,107_0005_0135,2453.667,405.346,2459.8,398.31,9.33,763.6,False,
105,1,107_0005_0136,2814.666,406.559,2820.01,399.56,8.81,701.7,False,
106,1,107_0005_0137,3319.94,415.639,3325.52,407.91,9.53,734.5,False,
107,1,107_0005_0138,3346.542,423.327,3351.81,415.4,9.52,738.7,False,
108,1,107_0005_0139,3377.744,838.091,3382.76,828.66,10.68,571.7,False,
109,1,107_0005_0140,3388.709,1250.055,3393.73,1239.19,11.96,401.1,False,
110,1,107_0005_0141,3432.096,1736.919,3433.77,1735.12,2.46,362.3,True,0.91
111,1,107_0005_0142,3479.992,2322.415,3481.95,2320.07,3.05,389.0,True,1.0
112,1,107_0005_0143,3487.444,2997.656,3489.38,2994.94,3.33,404.6,True,0.98
113,1,107_0005_0149,5329.833,3551.844,5332.76,3549.37,3.83,256.0,False,
114,1,107_0005_0150,5121.447,2780.798,5123.21,2778.24,3.11,314.0,True,1.22
115,1,107_0005_0151,4942.634,2136.115,4944.0,2133.96,2.55,372.5,True,0.84
116,1,107_0005_0152,4782.214,1580.215,4783.91,1578.05,2.75,408.9,True,1.12
117,1,107_0005_0153,4619.205,1100.286,4630.39,1097.59,11.51,539.5,False,
118,1,107_0005_0154,4462.782,686.804,4473.65,684.93,11.03,743.9,False,
119,2,107_0005_0006,593.169,182.28,591.42,184.5,2.83,528.7,True,0.57
120,2,107_0005_0007,580.48,908.472,577.96,910.23,3.07,430.3,True,0.88
121,2,107_0005_0008,546.563,1645.249,544.0,1647.19,3.22,396.4,True,0.96
122,2,107_0005_0009,494.407,2216.78,492.19,2218.97,3.12,344.0,True,0.8
123,2,107_0005_0010,1387.35,2300.186,1385.65,2302.44,2.82,315.2,True,0.59
124,2,107_0005_0011,2100.956,2288.123,2099.48,2290.49,2.79,284.3,True,0.73
125,2,107_0005_0012,2161.266,2248.331,2159.31,2250.64,3.03,290.6,True,0.79
126,2,107_0005_0013,2221.986,1399.424,2219.93,1400.94,2.56,448.5,True,0.41
127,2,107_0005_0014,2259.081,665.157,2257.65,667.4,2.66,550.3,True,0.63
128,2,107_0005_0026,4005.441,277.931,4004.77,279.3,1.53,689.0,True,1.02
129,2,107_0005_0027,3953.888,1015.68,3952.66,1017.9,2.54,553.1,True,0.71
130,2,107_0005_0028,3908.571,1760.724,3907.46,1763.03,2.56,368.9,True,0.87
131,2,107_0005_0029,3866.556,2275.51,3865.06,2277.74,2.68,335.4,True,0.68
132,2,107_0005_0030,2762.632,1338.315,2764.69,1340.15,2.76,344.9,True,0.46
133,2,107_0005_0031,2958.604,1838.861,2960.15,1837.2,2.27,407.0,True,1.06
134,2,107_0005_0032,2921.467,3586.262,2920.45,3584.57,1.97,340.7,True,0.83
135,2,107_0005_0033,2925.022,2642.697,2924.04,2641.29,1.71,440.2,True,0.66
136,2,107_0005_0034,2920.573,2007.29,2919.84,2006.12,1.38,498.7,True,0.77
137,2,107_0005_0035,2958.475,1471.39,2957.82,1470.0,1.53,467.5,True,0.76
138,2,107_0005_0036,2948.78,1012.422,2947.97,1011.24,1.43,627.0,True,0.52
139,2,107_0005_0037,2980.775,619.848,2981.74,616.92,3.08,594.4,False,
140,2,107_0005_0038,2983.943,289.886,2985.61,288.01,2.51,529.6,False,
141,2,107_0005_0039,3037.031,294.155,3037.5,291.59,2.61,486.5,False,
142,2,107_0005_0040,3510.856,284.359,3511.63,282.09,2.4,539.0,False,
143,2,107_0005_0041,4025.147,306.759,4025.83,304.52,2.34,516.6,False,
144,2,107_0005_0042,4093.198,320.333,4093.53,318.44,1.93,554.0,False,
145,2,107_0005_0043,4225.057,742.521,4224.66,741.07,1.5,616.2,True,1.12
146,2,107_0005_0044,4309.948,1153.067,4309.3,1152.05,1.21,724.3,True,0.82
147,2,107_0005_0045,4360.748,1613.329,4359.53,1612.35,1.56,604.8,True,0.44
148,2,107_0005_0046,4466.418,2177.368,4466.4,2176.2,1.17,555.6,False,
149,2,107_0005_0047,4591.36,2842.82,4590.13,2841.18,2.05,554.3,True,0.73
150,2,107_0005_0057,5370.532,797.967,5370.05,796.62,1.43,508.6,True,1.16
151,2,107_0005_0058,5181.859,422.343,5181.7,419.53,2.82,383.2,False,
152,2,107_0005_0059,5261.625,419.303,5261.5,416.9,2.41,404.7,False,
153,2,107_0005_0060,4382.507,454.609,4382.18,453.26,1.39,528.9,True,1.34
154,2,107_0005_0061,3294.263,526.092,3293.09,525.29,1.42,800.3,True,0.6
155,2,107_0005_0062,2398.356,863.77,2396.94,864.04,1.45,789.3,True,0.36
156,2,107_0005_0063,1704.259,1440.126,1702.55,1440.83,1.85,802.6,True,0.22
157,2,107_0005_0064,1113.228,2166.898,1111.41,2168.3,2.3,615.8,True,0.12
158,2,107_0005_0065,1296.307,1545.561,1294.9,1546.73,1.83,751.1,True,0.22
159,2,107_0005_0066,1445.417,1087.12,1443.85,1088.58,2.14,924.6,True,0.56
160,2,107_0005_0067,1533.936,692.067,1532.79,693.46,1.81,1080.2,True,0.63
161,2,107_0005_0068,1639.045,347.168,1637.98,348.78,1.94,1117.3,True,0.94
162,2,107_0005_0076,2701.709,165.789,2701.65,166.96,1.17,1771.8,True,1.08
163,2,107_0005_0077,2728.506,490.931,2728.27,491.88,0.98,2133.8,True,0.88
164,2,107_0005_0078,2695.45,862.75,2694.84,863.89,1.29,1584.1,True,0.63
165,2,107_0005_0079,2673.421,1290.192,2672.27,1290.95,1.38,1153.1,True,0.27
166,2,107_0005_0080,2640.174,1791.606,2639.14,1792.92,1.67,882.4,True,0.38
167,2,107_0005_0081,2652.727,2197.102,2651.4,2198.87,2.21,725.8,True,0.49
168,2,107_0005_0082,3362.289,2194.734,3361.73,2196.4,1.76,810.8,True,0.79
169,2,107_0005_0083,4004.679,2178.638,4004.14,2180.16,1.61,806.3,True,0.62
170,2,107_0005_0084,4154.766,2234.684,4154.06,2236.29,1.75,894.1,True,0.56
171,2,107_0005_0085,4039.872,1566.975,4039.4,1568.06,1.18,1030.1,True,0.61
172,2,107_0005_0086,3939.868,1097.617,3939.99,1098.41,0.8,1148.3,True,1.13
173,2,107_0005_0087,3902.869,707.194,3903.04,708.68,1.49,1396.3,True,1.31
174,2,107_0005_0088,3824.773,350.565,3825.01,352.56,2.01,1436.7,False,
175,2,107_0005_0093,1476.723,187.49,1477.18,189.82,2.37,1421.4,False,
176,2,107_0005_0094,354.896,902.243,354.93,903.56,1.32,2226.0,True,0.51
177,2,107_0005_0101,113.021,904.702,114.26,906.42,2.12,804.9,True,0.96
178,2,107_0005_0102,309.208,537.271,307.42,542.87,5.87,440.8,False,
179,2,107_0005_0103,218.0,549.0,219.01,550.24,1.6,515.0,True,0.55
180,2,107_0005_0104,919.592,513.341,918.12,518.14,5.02,1015.8,False,
181,2,107_0005_0105,1438.861,541.528,1438.05,545.59,4.14,1114.5,False,
182,2,107_0005_0106,1330.638,596.291,1330.25,599.99,3.72,1018.1,False,
183,2,107_0005_0107,1298.364,1023.16,1299.52,1024.61,1.86,1162.5,True,0.58
184,2,107_0005_0108,1141.948,1487.59,1142.35,1488.44,0.94,1193.1,True,0.68
185,2,107_0005_0109,985.874,2018.374,986.22,2019.76,1.43,1060.2,True,0.78
186,2,107_0005_0110,809.163,2630.933,809.94,2632.76,1.98,1004.9,True,0.5
187,2,107_0005_0111,560.265,3407.738,561.21,3410.05,2.5,793.9,True,0.54
188,2,107_0005_0117,2351.843,3376.723,2353.54,3379.18,2.99,434.3,True,0.6
189,2,107_0005_0118,2431.765,2625.147,2433.54,2627.36,2.84,476.1,True,0.74
190,2,107_0005_0119,2468.541,1991.395,2469.73,1993.23,2.19,544.4,True,0.61
191,2,107_0005_0120,2476.237,1462.771,2477.73,1464.28,2.12,672.3,True,0.51
192,2,107_0005_0121,2530.618,1009.166,2531.89,1010.58,1.9,813.7,True,0.53
193,2,107_0005_0122,2579.596,639.18,2579.58,642.17,2.99,714.4,False,
194,2,107_0005_0123,2485.474,646.456,2485.53,649.85,3.4,738.5,False,
195,2,107_0005_0124,1622.226,1134.33,1623.93,1135.61,2.14,816.1,True,0.68
196,2,107_0005_0125,617.549,1985.173,619.13,1986.04,1.81,733.3,True,0.44
197,2,107_0005_0132,1458.133,3007.928,1460.78,3006.3,3.11,296.4,True,0.72
198,2,107_0005_0133,1606.423,2312.097,1620.79,2301.81,17.67,258.1,False,
199,2,107_0005_0134,1739.749,1725.572,1752.1,1717.26,14.89,206.6,False,
200,2,107_0005_0135,1973.501,1368.72,1986.5,1362.93,14.23,214.2,False,
201,2,107_0005_0136,2504.279,1398.474,2515.2,1390.93,13.27,166.8,False,
202,2,107_0005_0137,3120.676,1391.346,3117.2,1398.38,7.85,139.3,False,
203,2,107_0005_0138,3164.323,1400.211,3160.52,1407.53,8.25,140.6,False,
204,2,107_0005_0139,3168.639,2027.875,3180.04,2018.96,14.47,164.7,False,
205,2,107_0005_0140,3177.502,2648.844,3179.75,2647.46,2.64,214.2,True,0.8
206,2,107_0005_0141,3190.92,3431.844,3193.24,3429.9,3.03,323.3,True,0.69
207,2,107_0005_0152,4906.377,3167.667,4908.07,3166.0,2.38,262.8,True,0.52
208,2,107_0005_0153,4716.648,2420.583,4718.86,2419.25,2.58,245.1,True,1.13
209,2,107_0005_0154,4540.396,1804.483,4541.93,1803.34,1.92,219.3,True,0.54
210,3,107_0005_0006,4071.767,306.339,4072.64,308.11,1.97,927.4,True,0.33
211,3,107_0005_0007,4048.692,1053.828,4049.24,1055.89,2.13,781.2,True,0.6
212,3,107_0005_0008,4004.742,1792.222,4004.82,1794.14,1.92,700.4,True,0.76
213,3,107_0005_0009,3946.321,2400.482,3947.05,2402.47,2.12,705.2,True,0.76
214,3,107_0005_0010,4804.202,2322.154,4804.97,2324.11,2.1,610.9,True,0.8
215,3,107_0005_0037,2965.198,3135.918,2964.43,3136.11,0.79,942.5,True,1.0
216,3,107_0005_0038,2975.504,2449.917,2974.88,2450.72,1.01,717.4,True,0.66
217,3,107_0005_0039,2994.886,2464.657,2994.39,2465.57,1.04,715.4,True,0.8
218,3,107_0005_0040,3748.532,2456.193,3748.27,2456.68,0.55,1016.2,True,1.11
219,3,107_0005_0041,4449.74,2493.847,4449.47,2494.47,0.68,1171.4,True,1.08
220,3,107_0005_0042,4535.875,2510.555,4536.02,2511.18,0.64,1151.4,True,1.49
221,3,107_0005_0043,4726.199,3399.67,4725.7,3400.52,0.98,1360.1,True,1.01
222,3,107_0005_0061,4959.101,2575.756,4959.59,2577.13,1.45,2120.9,True,1.14
223,3,107_0005_0062,4611.848,2602.37,4612.41,2603.66,1.41,1977.7,True,0.79
224,3,107_0005_0063,4476.219,2634.903,4477.01,2636.3,1.61,1470.5,True,0.53
225,3,107_0005_0064,4248.348,2361.597,4248.97,2362.82,1.37,882.4,True,0.22
226,3,107_0005_0065,4131.341,1679.831,4132.49,1681.04,1.67,937.4,True,0.44
227,3,107_0005_0066,4062.456,1217.341,4063.75,1218.4,1.67,939.7,True,0.64
228,3,107_0005_0067,3966.842,792.689,3968.23,793.8,1.78,783.0,True,0.78
229,3,107_0005_0068,3909.314,440.089,3910.2,442.3,2.38,738.0,True,1.34
230,3,107_0005_0069,3877.312,134.357,3878.57,136.33,2.34,629.5,True,1.34
231,3,107_0005_0076,4874.548,221.37,4875.87,222.78,1.93,222.8,True,0.91
232,3,107_0005_0077,5057.226,573.17,5058.88,573.56,1.7,295.6,True,1.16
233,3,107_0005_0078,5192.768,945.313,5194.23,945.76,1.53,359.2,True,0.97
234,3,107_0005_0079,5367.177,1377.923,5368.31,1378.94,1.52,101.2,True,0.4
235,3,107_0005_0095,1320.834,280.821,1321.88,281.62,1.32,223.3,True,0.55
236,3,107_0005_0097,241.636,661.557,243.17,661.08,1.6,167.5,True,0.42
237,3,107_0005_0098,451.948,315.417,452.7,315.15,0.79,178.2,True,0.56
238,3,107_0005_0109,1548.576,129.423,1542.1,130.46,6.56,251.6,False,
239,3,107_0005_0110,1486.0,428.0,1481.33,427.75,4.68,229.7,False,
240,3,107_0005_0111,1352.85,782.242,1353.59,781.88,0.82,375.0,True,0.51
241,3,107_0005_0112,1219.802,1181.229,1220.97,1181.21,1.17,476.7,True,0.23
242,3,107_0005_0113,1229.462,1185.403,1230.57,1185.3,1.11,508.9,True,0.22
243,3,107_0005_0114,1951.245,1197.491,1952.1,1197.72,0.89,553.8,True,0.53
244,3,107_0005_0115,2472.436,1234.613,2473.83,1234.68,1.39,561.5,True,0.4
245,3,107_0005_0116,2440.852,1255.268,2442.28,1255.0,1.45,652.0,True,0.35
246,3,107_0005_0117,2573.43,772.535,2574.98,773.28,1.72,487.8,True,1.03
247,3,107_0005_0118,2628.747,428.949,2629.8,428.66,1.09,310.0,True,0.28
248,3,107_0005_0119,2612.518,119.586,2613.68,120.71,1.62,209.8,True,1.16
249,3,107_0005_0125,161.683,261.182,163.76,262.29,2.35,229.1,False,
250,3,107_0005_0137,410.978,1309.708,410.7,1309.11,0.66,712.1,True,0.22
251,3,107_0005_0138,446.757,1336.403,447.26,1335.85,0.75,677.4,True,0.58
252,3,107_0005_0139,189.774,1933.064,190.67,1932.41,1.11,653.8,True,0.93
253,3,107_0005_0152,1383.209,3035.108,1383.61,3034.05,1.13,692.2,True,0.83
254,3,107_0005_0153,1529.042,2331.998,1529.98,2330.91,1.44,568.4,True,1.36
255,3,107_0005_0154,1625.316,1761.392,1626.07,1760.59,1.1,528.0,True,1.17
256,4,107_0005_0063,5135.541,429.508,5135.46,431.91,2.4,506.1,True,1.35
257,4,107_0005_0064,3986.085,117.688,3986.48,117.2,0.63,636.0,True,1.19
258,4,107_0005_0081,4979.508,160.914,5021.9,114.9,62.56,367.1,False,
259,4,107_0005_0118,115.0,272.0,137.33,253.14,29.23,133.9,False,
