dataset,image_order_index,image_name,mrk_time,gps_week,mrk_lat,mrk_lon,mrk_alt
D2_111_nadir,1,100_0010_0001.JPG,306967.224949,2213,37.93810960,34.62004166,1323.108
D2_111_nadir,2,100_0010_0002.JPG,306971.025545,2213,37.93796659,34.62019409,1323.107
D2_111_nadir,3,100_0010_0003.JPG,306973.518924,2213,37.93784458,34.62032244,1323.142
D2_111_nadir,4,100_0010_0004.JPG,306976.053633,2213,37.93772043,34.62045274,1323.197
D2_111_nadir,5,100_0010_0005.JPG,306978.567571,2213,37.93759646,34.62058283,1323.195
D2_111_nadir,6,100_0010_0006.JPG,306981.102396,2213,37.93747239,34.62071358,1323.171
D2_111_nadir,7,100_0010_0007.JPG,306983.599936,2213,37.93734998,34.62084230,1323.159
D2_111_nadir,8,100_0010_0008.JPG,306986.138861,2213,37.93722554,34.62097373,1323.106
D2_111_nadir,9,100_0010_0009.JPG,306988.647043,2213,37.93710287,34.62110283,1323.101
D2_111_nadir,10,100_0010_0010.JPG,306991.209129,2213,37.93697630,34.62123560,1323.104
D2_111_nadir,11,100_0010_0011.JPG,306993.708452,2213,37.93685442,34.62136429,1323.075
D2_111_nadir,12,100_0010_0012.JPG,306996.235180,2213,37.93672937,34.62149509,1323.094
D2_111_nadir,13,100_0010_0013.JPG,306998.742839,2213,37.93660602,34.62162463,1323.098
D2_111_nadir,14,100_0010_0014.JPG,307001.273578,2213,37.93648061,34.62175552,1323.123
D2_111_nadir,15,100_0010_0015.JPG,307003.885309,2213,37.93635997,34.62188179,1323.169
D2_111_nadir,16,100_0010_0016.JPG,307005.356488,2213,37.93634719,34.62190614,1323.111
D2_111_nadir,17,100_0010_0017.JPG,307008.833735,2213,37.93647732,34.62206948,1322.991
D2_111_nadir,18,100_0010_0018.JPG,307011.479083,2213,37.93658520,34.62220657,1323.046
D2_111_nadir,19,100_0010_0019.JPG,307012.827037,2213,37.93660511,34.62222060,1323.080
D2_111_nadir,20,100_0010_0020.JPG,307016.221199,2213,37.93674592,34.62207332,1323.051
D2_111_nadir,21,100_0010_0021.JPG,307018.724713,2213,37.93686743,34.62194637,1323.108
D2_111_nadir,22,100_0010_0022.JPG,307021.259677,2213,37.93699192,34.62181548,1323.121
D2_111_nadir,23,100_0010_0023.JPG,307023.771685,2213,37.93711503,34.62168655,1323.113
D2_111_nadir,24,100_0010_0024.JPG,307026.296269,2213,37.93723928,34.62155592,1323.122
D2_111_nadir,25,100_0010_0025.JPG,307028.803957,2213,37.93736278,34.62142647,1323.156
D2_111_nadir,26,100_0010_0026.JPG,307031.334975,2213,37.93748755,34.62129557,1323.152
D2_111_nadir,27,100_0010_0027.JPG,307033.853034,2213,37.93761126,34.62116539,1323.142
D2_111_nadir,28,100_0010_0028.JPG,307036.373732,2213,37.93773561,34.62103454,1323.130
D2_111_nadir,29,100_0010_0029.JPG,307038.908571,2213,37.93786017,34.62090341,1323.132
D2_111_nadir,30,100_0010_0030.JPG,307041.405878,2213,37.93798315,34.62077439,1323.124
D2_111_nadir,31,100_0010_0031.JPG,307043.978330,2213,37.93810920,34.62064163,1323.100
D2_111_nadir,32,100_0010_0032.JPG,307046.475822,2213,37.93823196,34.62051272,1323.153
D2_111_nadir,33,100_0010_0033.JPG,307049.615335,2213,37.93834550,34.62039525,1323.110
D2_111_nadir,34,100_0010_0034.JPG,307050.621366,2213,37.93835866,34.62041186,1323.115
D2_111_nadir,35,100_0010_0035.JPG,307053.462661,2213,37.93846883,34.62057235,1323.051
D2_111_nadir,36,100_0010_0036.JPG,307056.135015,2213,37.93856858,34.62072068,1323.135
D2_111_nadir,37,100_0010_0037.JPG,307057.445522,2213,37.93857743,34.62074539,1323.158
D2_111_nadir,38,100_0010_0038.JPG,307060.925041,2213,37.93843645,34.62089302,1323.106
D2_111_nadir,39,100_0010_0039.JPG,307063.428610,2213,37.93831477,34.62102158,1323.130
D2_111_nadir,40,100_0010_0040.JPG,307065.963474,2213,37.93819028,34.62115270,1323.095
D2_111_nadir,41,100_0010_0041.JPG,307068.458713,2213,37.93806763,34.62128229,1323.148
D2_111_nadir,42,100_0010_0042.JPG,307070.997796,2213,37.93794296,34.62141299,1323.140
D2_111_nadir,43,100_0010_0043.JPG,307073.507927,2213,37.93781960,34.62154246,1323.114
D2_111_nadir,44,100_0010_0044.JPG,307076.034521,2213,37.93769518,34.62167308,1323.128
D2_111_nadir,45,100_0010_0045.JPG,307078.581832,2213,37.93756994,34.62180395,1323.102
D2_111_nadir,46,100_0010_0046.JPG,307081.089451,2213,37.93744644,34.62193346,1323.109
D2_111_nadir,47,100_0010_0047.JPG,307083.588781,2213,37.93732439,34.62206239,1323.093
D2_111_nadir,48,100_0010_0048.JPG,307086.125676,2213,37.93719963,34.62219382,1323.120
D2_111_nadir,49,100_0010_0049.JPG,307088.625233,2213,37.93707676,34.62232301,1323.097
D2_111_nadir,50,100_0010_0050.JPG,307091.189305,2213,37.93695061,34.62245577,1323.097
D2_111_nadir,51,100_0010_0051.JPG,307094.330832,2213,37.93686302,34.62255514,1323.089
D2_111_nadir,52,100_0010_0052.JPG,307097.797809,2213,37.93699433,34.62271942,1323.012
D2_111_nadir,53,100_0010_0053.JPG,307100.445209,2213,37.93710217,34.62285818,1323.138
D2_111_nadir,54,100_0010_0054.JPG,307101.778853,2213,37.93712147,34.62287225,1323.184
D2_111_nadir,55,100_0010_0055.JPG,307105.183250,2213,37.93726225,34.62272410,1323.070
D2_111_nadir,56,100_0010_0056.JPG,307107.686836,2213,37.93738322,34.62259785,1323.115
D2_111_nadir,57,100_0010_0057.JPG,307110.205209,2213,37.93750718,34.62246736,1323.140
D2_111_nadir,58,100_0010_0058.JPG,307112.740218,2213,37.93763154,34.62233670,1323.137
D2_111_nadir,59,100_0010_0059.JPG,307115.243839,2213,37.93775450,34.62220789,1323.088
D2_111_nadir,60,100_0010_0060.JPG,307117.772478,2213,37.93787847,34.62207762,1323.125
D2_111_nadir,61,100_0010_0061.JPG,307120.292986,2213,37.93800253,34.62194735,1323.145
D2_111_nadir,62,100_0010_0062.JPG,307122.819721,2213,37.93812698,34.62181628,1323.099
D2_111_nadir,63,100_0010_0063.JPG,307125.321149,2213,37.93824973,34.62168760,1323.111
D2_111_nadir,64,100_0010_0064.JPG,307127.845615,2213,37.93837359,34.62155715,1323.121
D2_111_nadir,65,100_0010_0065.JPG,307130.374191,2213,37.93849784,34.62142665,1323.142
D2_111_nadir,66,100_0010_0066.JPG,307132.884012,2213,37.93862090,34.62129735,1323.134
D2_111_nadir,67,100_0010_0067.JPG,307135.448200,2213,37.93874680,34.62116516,1323.094
D2_111_nadir,68,100_0010_0068.JPG,307138.147762,2213,37.93882239,34.62109597,1323.069
D2_111_nadir,69,100_0010_0069.JPG,307141.541831,2213,37.93893960,34.62126906,1323.025
D2_111_nadir,70,100_0010_0070.JPG,307144.207979,2213,37.93904043,34.62141796,1323.139
D2_111_nadir,71,100_0010_0071.JPG,307145.568701,2213,37.93904916,34.62144271,1323.148
D2_111_nadir,72,100_0010_0072.JPG,307149.010534,2213,37.93890835,34.62159016,1323.093
D2_111_nadir,73,100_0010_0073.JPG,307151.509964,2213,37.93878651,34.62171868,1323.150
D2_111_nadir,74,100_0010_0074.JPG,307154.036531,2213,37.93866279,34.62184900,1323.131
D2_111_nadir,75,100_0010_0075.JPG,307156.540155,2213,37.93854037,34.62197787,1323.138
D2_111_nadir,76,100_0010_0076.JPG,307159.112464,2213,37.93841430,34.62211081,1323.137
D2_111_nadir,77,100_0010_0077.JPG,307161.603854,2213,37.93829203,34.62223903,1323.117
D2_111_nadir,78,100_0010_0078.JPG,307164.136943,2213,37.93816773,34.62236926,1323.083
D2_111_nadir,79,100_0010_0079.JPG,307166.644531,2213,37.93804540,34.62249870,1323.135
D2_111_nadir,80,100_0010_0080.JPG,307169.179399,2213,37.93792122,34.62262941,1323.078
D2_111_nadir,81,100_0010_0081.JPG,307171.682968,2213,37.93779820,34.62275854,1323.071
D2_111_nadir,82,100_0010_0082.JPG,307174.219929,2213,37.93767340,34.62288948,1323.053
D2_111_nadir,83,100_0010_0083.JPG,307176.725486,2213,37.93755033,34.62301867,1323.057
D2_111_nadir,84,100_0010_0084.JPG,307179.260418,2213,37.93742541,34.62314959,1323.082
D2_111_nadir,85,100_0010_0085.JPG,307181.540768,2213,37.93737906,34.62320571,1323.108
D2_111_nadir,86,100_0010_0086.JPG,307185.051718,2213,37.93751125,34.62337145,1323.037
D2_111_nadir,87,100_0010_0087.JPG,307187.680306,2213,37.93761806,34.62350854,1323.124
D2_111_nadir,88,100_0010_0088.JPG,307188.997019,2213,37.93763721,34.62352304,1323.169
D2_111_nadir,89,100_0010_0089.JPG,307192.430716,2213,37.93777857,34.62337474,1323.072
D2_111_nadir,90,100_0010_0090.JPG,307194.938483,2213,37.93789967,34.62324822,1323.134
D2_111_nadir,91,100_0010_0091.JPG,307197.450255,2213,37.93802291,34.62311900,1323.157
D2_111_nadir,92,100_0010_0092.JPG,307199.989729,2213,37.93814767,34.62298789,1323.168
D2_111_nadir,93,100_0010_0093.JPG,307202.492819,2213,37.93827071,34.62285861,1323.163
D2_111_nadir,94,100_0010_0094.JPG,307205.017579,2213,37.93839497,34.62272817,1323.108
D2_111_nadir,95,100_0010_0095.JPG,307207.521210,2213,37.93851785,34.62259935,1323.114
D2_111_nadir,96,100_0010_0096.JPG,307210.062189,2213,37.93864245,34.62246785,1323.106
D2_111_nadir,97,100_0010_0097.JPG,307212.563807,2213,37.93876540,34.62233888,1323.110
D2_111_nadir,98,100_0010_0098.JPG,307215.100801,2213,37.93888975,34.62220817,1323.105
D2_111_nadir,99,100_0010_0099.JPG,307217.604340,2213,37.93901235,34.62207945,1323.100
D2_111_nadir,100,100_0010_0100.JPG,307220.137218,2213,37.93913683,34.62194828,1323.132
D2_111_nadir,101,100_0010_0101.JPG,307222.713966,2213,37.93926049,34.62181861,1323.132
D2_111_nadir,102,100_0010_0102.JPG,307224.671250,2213,37.93928406,34.62178774,1323.073
D2_111_nadir,103,100_0010_0103.JPG,307228.340593,2213,37.93910019,34.62178275,1323.073
D2_111_nadir,104,100_0010_0104.JPG,307230.850380,2213,37.93893941,34.62177973,1323.154
D2_111_nadir,105,100_0010_0105.JPG,307233.381112,2213,37.93877873,34.62177662,1323.123
D2_111_nadir,106,100_0010_0106.JPG,307235.910010,2213,37.93861684,34.62177291,1323.150
D2_111_nadir,107,100_0010_0107.JPG,307238.405156,2213,37.93845724,34.62177015,1323.113
D2_111_nadir,108,100_0010_0108.JPG,307240.942367,2213,37.93829566,34.62176725,1323.126
D2_111_nadir,109,100_0010_0109.JPG,307243.468930,2213,37.93813441,34.62176422,1323.118
D2_111_nadir,110,100_0010_0110.JPG,307246.001888,2213,37.93797294,34.62176193,1323.136
D2_111_nadir,111,100_0010_0111.JPG,307248.513804,2213,37.93781402,34.62175811,1323.192
